,title,content,url
0,"현대모비스, 미래차 기술 특허 640건 신규 등록","[스포츠서울 노태영 기자]현대모비스가 지난해 미래차 기술 관련 특허 640건을 신규 등록했다. 10일 현대모비스 ‘2019 지속가능성보고서’에 따르면 지난해 등록한 특허에는 자율주행을 위한 필수 요소기술인 후측방 레이더와 첨단 지능형 헤드램프 관련 기술 등이 포함됐다. 특히 현대모비스는 혁신적인 미래차 부품을 신속하게 확보하기 위해 연구개발 투자를 확대하고 있다고 말했다. 지난해 핵심부품 매출액의 약 9%인 8350억원을 투자했고 연구인력도 4100여명으로 12% 늘렸다. 2025년 글로벌 최고 수준의 기술경쟁력을 확보한다는 목표를 보고서에 담았다. 미래차 기술개발 집중, 소프트웨어 중심회사로의 전략적 전환, 오픈 이노베이션 가속, 글로벌 연구개발 네트워크 강화라는 4가지 핵심 전략을 수립했다. 소프트웨어 개발 역량도 강화하고 있다. 현재 800여명 수준인 소프트웨어 설계 인원을 2025년까지 약 4000명으로 늘릴 계획이다. 협력사의 자생력 강화를 위해 지난해 268건을 대상으로 연구개발비 430여억원을 지원했다. 자체 보유한 특허 160건을 무상으로 공유하고 연구소와 시험센터를 개방해 2500여 건의 시험을 지원했다. 협력사 대표부터 실무자까지 7500여 명을 대상으로 230차례 교육도 했다. factpoet@sportsseoul.com ▶ 스포츠서울 공식 페이스북 ▶ 팟캐스트 '스포츠서울 야구 X파일' ▶ 스포츠서울 공식 유튜브 채널 [기사제보 news@sportsseoul.com] Copyright ⓒ 스포츠서울& sportsseoul.com",https://news.naver.com/main/read.nhn?mode=LSD&mid=sec&sid1=001&oid=468&aid=0000518353
1,"한림대성심병원, '2019년 내분비내과 개원의 연수강좌' 개최","한림대성심병원, ‘2019년 내분비내과 개원의 연수강좌’ 포스터. 제공|한림대성심병원 [스포츠서울 양미정 기자] 한림대성심병원 내분비내과는 오는 19일 오후 6시 30분부터 9시 30분까지 본관4층 한마음홀에서 ‘2019년 내분비내과 개원의 연수강좌’를 개최한다. 이번 연수강좌는 김철식 과장의 개회사를 시작으로 임성희 교수와 평촌중앙병원 신현재 원장이 좌장을 맡는다. 강의는 ▲강준구 교수가 ‘Recent Advances in Anti-Obesity Agents(비만치료 약물의 최신지견)’ ▲김철식 교수가 ‘2019 Standards of Medical Care in Diabetes: What is New and Why?(2019 미국당뇨병학회 진료지침)’ ▲이성진 교수가 ’Puzzling Cases in Thyroid Diseases(치료가 복잡한 갑상선질환)’ ▲원광의대 김하영 교수가 ‘Current and Upcoming Treatments for Osteoporosis and Appropriate Health Insurance(골다공증 치료의 현재와 향후 치료)’ 순서로 강의한다. 이어 질의응답 시간을 갖고, 김철식 과장의 ‘내분비내과 의사의 역할 및 폐회사’로 마무리한다. 김철식 내분비내과 과장은 “이번 연수강좌는 개원의 선생님들이 일차 진료에서 흔히 접하고 상급종합병원으로 의뢰하시는 내분비적 증상의 이해와 치료에 초점을 두어 실제로 진료를 보실 때 도움이 되실 수 있는 강의를 준비했다”며 “지역사회 건강증진을 담당하시는 개원의 선생님들과 다양한 임상경험을 연계하는 교류의 장이 될 것”이라고 참여를 독려했다. certain@sportsseoul.com ▶ 스포츠서울 공식 페이스북 ▶ 팟캐스트 '스포츠서울 야구 X파일' ▶ 스포츠서울 공식 유튜브 채널 [기사제보 news@sportsseoul.com] Copyright ⓒ 스포츠서울& sportsseoul.com",https://news.naver.com/main/read.nhn?mode=LSD&mid=sec&sid1=001&oid=468&aid=0000518352
2,USA 2019 TONY AWARDS,"2019 Tony Awards Erich Bergen attends the 73rd Annual Tony Awards at Radio City Music Halll in New York, New York, USA, 09 June 2019. The annual awards honor excellence in Broadway theatre.  EPA/PETER FOLEY ▶네이버 홈에서 [연합뉴스] 채널 구독하기 ▶뭐 하고 놀까? #흥 ▶쇼미더뉴스! 오늘 많이 본 뉴스영상",https://news.naver.com/main/read.nhn?mode=LSD&mid=sec&sid1=001&oid=091&aid=0007312812
3,USA 2019 TONY AWARDS,"2019 Tony Awards Billy Porter attends the 73rd Annual Tony Awards at Radio City Music Halll in New York, New York, USA, 09 June 2019. The annual awards honor excellence in Broadway theatre.  EPA/PETER FOLEY ▶네이버 홈에서 [연합뉴스] 채널 구독하기 ▶뭐 하고 놀까? #흥 ▶쇼미더뉴스! 오늘 많이 본 뉴스영상",https://news.naver.com/main/read.nhn?mode=LSD&mid=sec&sid1=001&oid=091&aid=0007312811
4,"바로고, 오토바이에 보이스피싱 예방문구 부착","대전중부경찰서와 캠페인 펼치기로 (지디넷코리아=백봉삼 기자)배달 대행 서비스를 제공하는 물류 스타트업 바로고(대표 이태권)는 10일 대전중부경찰서와 함께 '보이스피싱 범죄 예방 캠페인'을 펼쳤다고 밝혔다. 이번 캠페인은 일상생활 속에서 보이스피싱 범죄 예방 문구를 노출해 사고를 미연에 방지하고자 기획됐다. 이를 위해 바로고 대전 허브(지사)와 대전중부경찰서는 바로고 대전 허브 오토바이 763대, 전기자동차 10여 대 및 바로고 대전 허브와 계약된 배달 음식 가맹점 1천680곳 등에 보이스피싱 범죄 예방 문구가 적힌 스티커를 부착하기로 했다. 이번 캠페인에 참여한 바로고 대전 허브 이준 본부장은 ""대전 지역 곳곳에서 활동하는 바로고 가족들과 함께 지역사회에 도움이 될 수 있는 일을 하게 돼 기쁘다""며 ""작은 움직임이지만, 함께 공존하는 계기로 삼고, 보이스피싱 범죄 예방 활동에 최선을 다할 것""이라고 말했다. 한편 바로고는 업의 특성을 살려 지역 공동체 치안협력체계를 구축해 관내 범죄를 예방하는 등 다양한 캠페인을 펼쳐나가고 있다. 지난 4월에는 강남 논현2파출소와 '합동순찰대' 업무협약식을 체결하고 ▲실종, 가출인 발생 시 신속한 상황 전파 및 발견을 위한 업무 공조 등 관내 탄력순찰업무 수행 ▲노인과 아동 안전을 위한 교통사고 예방 ▲기타 수사 업무 협조 및 공동 협력 치안 필요 시 적극 협력하기로 했다. 백봉삼 기자(paikshow@zdnet.co.kr) ▶ 지디넷코리아 '홈페이지' / ▶ 지디넷코리아 ‘이슈진단+’ ▶ 네이버 채널에서 ‘지디넷코리아’를 구독해주세요",https://news.naver.com/main/read.nhn?mode=LSD&mid=sec&sid1=001&oid=092&aid=0002163723
5,"다른코스메틱스, GMP 인증으로 체외용 의료기기 보습제 선보여","화장품 제조업체 이시스코스메틱과 손잡고 GMP 인증 획득 더마코스메틱 전문기업 다른코스메틱스(대표이사 이동원)와 화장품 OEM·ODM 제조업체인 이시스코스메틱(대표 하태석)이 손을 잡고 식품의약품안전처로부터 GMP(의료기기 제조 및 품질관리 기준) 적합 인증을 받은 것으로 알려졌다. GMP는 의료기기 제조 시설의 구조 및 설비 원·부자재 구입과 더불어 생산부터 출고까지 전 공정에 대한 철저한 제조 및 품질관리를 시행함으로써 우수 품질의 의료기기를 생산, 공급하도록 하는 품질관리 기준이다. 이를 통해 다른코스메틱스는 이시스코스메틱의 풍부한 화장품 제조 경험을 바탕으로 자사 브랜드인 닥터디퍼런트(Dr.Different)의 체외용 의료기기인 보습제 제품을 선보인다고 밝혔다. 의사의 처방과 추천을 통해 구매할 수 있는 제품으로 화상, 아토피 등과 같이 피부 장벽이 손상된 부위를 보호하기 위해 사용하는 창상피복재다. 피부과 전문의이자 다른코스메틱스을 이끌고 있는 이동원 대표이사는 “해당 제품은 일반 스킨케어 제품과는 다르게 병원에서 처방받은 후 소비자의 실비보험 신청에 따라 비용을 혜택받을 수 있으며, 의사의 처방과 추천을 통해 구매할 수 있는 만큼 소비자들이 안심하고 사용할 수 있다”면서 “전국 피부과와 대학 병원을 중심으로 구매할 수 있도록 할 예정”이라고 설명했다. 이어 “앞으로도 많은 사람들이 안심하고 사용할 수 있는 체외용 의료기기를 연구 개발해 닥터디퍼런트를 통해 출시해 나갈 것”이라고 덧붙였다. 한편 닥터디퍼런트는 피부 전문가들의 임상 경험과 전문성을 담은 피부 건강 스킨케어를 선보이고 있으며, 이러한 전문성을 바탕으로 피부 질환을 앓고 있는 소비자들을 위해 도움이 될 수 있는 방안을 고민한다. ‘다르게 만들면, 달라집니다’라는 슬로건 아래 이동원 대표를 비롯해 피부에 대해 가장 잘 아는 15명의 피부 전문가들이 직접 제품 개발에 참여하며, 피부 전문가들의 임상 경험과 전문성을 담은 피부 건강 케어를 제공한다. 이동원 대표는 CNP코스메틱스(차앤박화장품)의 설립자이자 12년간 대표를 역임하며 CNP 코스메틱스의 대표적인 제품들을 직접 개발하고, 다른코스메틱스를 설립했다. 피부 지질 성분인 세라마이드, 콜레스테롤, 지방산을 피부 타입별 지질 비율에 맞춰 함유하여 피부 장벽까지 케어해주는 ‘5세대 라멜라 보습제’, 비타민A 레티날(Retinal)을 안정화시켜 피부 전문가 모두가 인정하는 동안 크림으로 제품화한 ‘비타A크림’ 및 ‘비타A크림 포르테’, 비타민 C, 비타민 E, CoQ10로 구성된 트리플 항산화제를 유효농도로 안정화하여 칙칙해진 피부 안색을 집중 케어해주는 항산화 세럼 ‘CEQ 안티옥시던트 세럼’ 등이 닥터디퍼런트의 대표 제품으로 알려져 있다. 김정환 기자 hwani89@segye.com ⓒ 세상을 보는 눈, 세계일보",https://news.naver.com/main/read.nhn?mode=LSD&mid=sec&sid1=001&oid=022&aid=0003370235
6,"3철의 전해철 ""양정철 제대로 일해, 이호철과 조국은 정치 뜻 없어""","[이슈톡톡] 文 최측근 전해철 ""특보단장은 자문할 뿐, 공천은 전혀"" - 양정철에게 민주연구원장 권유했다, 楊 정상적으로 일하고 있다 - 또 다른 '3철' 이호철은 중국에, 현실정치 복귀 가능성 거의 없다 - 조국 수석, 부산쪽에서 요청하고 있지만 워낙 완강해 가능성 희박 이른바 '3철' 중 한 명인 전해철 더불어민주당 의원은 10일 최근 자신이 당의 특보단장직을 맡은 것을 놓고 '3철'이 전면에 나서 21대 총선 판짜기에 들어갔다는 일부 지적에 대해 ""(특보는) 당 대표에 대한 정책적 또는 정무적 자문 역할을 하는 자리로 당헌당규에 나와 있다""며 공천에 영향력을 미치는 자리가 아님을 강조했다. ◆ 민주당에 친문패권은 없다, '3철'이라는 말은 이제 그만 '3철'은 노무현정부 때부터 문재인 대통령과 정치일정을 함께한 양정철 민주연구원장, 이호철 전 청와대 민정수석, 전해철 더불어 민주당 의원을 일컫는다. 대통령 최측근, 복심으로 불리는 까닭에 늘 관심을 받아 왔다. 전해철 의원은 이날 KBS라디오 '김경래의 최강시사'와 전화인터뷰에서 진행자가 ""'3철'은 친문패권주의, 측근정치, 패권정치 등 부정적인 뉘앙스의 단어로(쓰여), 좀 억울할 것 같다""고 하자 ""당내엔 어떤 패권이라는 이야기는 실제 없다. 친문패권이라고 하는 것은 공격을 하기 위한 빌미일 뿐이지 현실을 전혀 반영하고 있지 않다""며 ""국민들도 '이제 좀 그만해라 그런 이야기는'이라고 말할 거라 생각한다""고 더 이상 '3철'단어를 거론하지 않았으면 하는 바람을 피력했다. ◆ 양정철에게 민주연구원장직 권유, 楊의 광역단체장 접촉은 자기일 하고 있다는 말 전 의원은 2년여 잠행을 끝내고 민주당 민주연구원장을 맡아 박원순, 이재명, 김경수 등 광역단체장이자 차기대선 유력 후보군을 잇따라 만나고 있는 양정철 원장과 관련해 ""제가 민주연구원장직을 제안했던 사람 중에 한 명이다""며 그를 당으로 이끈 사람이 자신임을 밝혔다. 전 의원은 ""(양 원장에게) 능력, 나이 등등을 따졌을 때 일을 하는 게 필요하다, 정부나 청와대 이런 부분이 여의치 않다면 당에 와서 일을 하는 게 좋지 않겠냐라고 제안을 했다""고 덧붙였다. 전 의원은 양 원장의 광폭 횡보에 대해 ""민주당은 (그 전에도) 광역자치단체하고 예산 정책 협의를 하고 있다. 당 정책을 책임지고 있는 민주연구원 입장에서는 광역자치단체와 여러 가지 정책 협약을  하는 게 필요하다""고 한 뒤 ""모든 걸 다 정치적으로 해석해서 그렇지만 (양 원장이) 제대로 일을 하는 과정에 있다고 생각한다""며 확대해석을 경계했다. 양 원장이 서훈 국정원장과 만찬에 대해선 ""(서로) 개인적으로 굉장히 친한 사이다. 옛날 시각으로, 옛날의 국정원이 그런 걸 했으니까 지금도 그러지 않겠냐라고 보고 있는 것은 기본 전제가 틀렸다. 사적인 만남까지 다 문제 삼으면 생활하거나 일하는 데 힘들지 않겠는가""라는 말로 오해하지 말 것을 당부했다. ◆ 이호철 현장복귀에 뜻 없다, 조국도 워낙 완강해 출마 가능성 희박 전 의원은 지난해 지방선거 때 부산시장 출마권유도 뿌리치는 등 현실정치를 등지고 있는 이호철 전 정무수석이 ""현재 중국에서 생활을 하고 있는 것으로 알고 있다""며 ""본인이 현실 정치를 하지 않겠다고 누누이 말해 왔기에 지금와서 현실 정치 이야기하는 것은 맞지 않다""고 정치하지 않을 것으로 내다봤다. 이어 ""지난 지방선거에서도 (이 수석에게) '출마해라'고 이야기를 하니까 '출마하지 않는 대신에 원팀을 구성할 수 있는데 조력을 할 수 있으면 조력하겠다' 이래서 원팀 구성에서 상당한 역할을 한 것으로 알고 있다""고 소개한 뒤 ""현실 정치로 돌아올 가능성은 별로 없다""고 했다. 그는 조국 민정수석의 총선 출마 가능성과 관련해선 ""부산, 경남 지역에서 (출마) 요청도 한 것으로 알고 있지만 결국 본인의 의사가 중요하다. 현재 '절대 하지 않겠다, 전혀 하고 싶지 않다'고 이야기를 하고 있어서 기대나 권유에도 불구하고 (조국 수석이 정치에 뛰어들 가능성은) 별로 높지 않다고 생각 한다""고 회의적인 반응을 보였다. 박태훈 기자 buckbak@segye.com 사진=연합뉴스 ⓒ 세상을 보는 눈, 세계일보",https://news.naver.com/main/read.nhn?mode=LSD&mid=sec&sid1=001&oid=022&aid=0003370234
7,"강스템바이오텍, 중국 제프림과 줄기세포 상용화 MOU 체결","'퓨어스템' 중국 시장 진출 교두보 될 것 [서울경제] 강스템바이오텍(217730) 은 중국 베이징에 위치한 제프림 본사에서 ‘인간 제대혈 유래 중간엽줄기세포의 중국 내 상용화를 위한 상호양해각서(MOU)’를 체결했다고 10일 밝혔다. 양사는 상호 협력을 통해 줄기세포가 중국 내 새로운 치료제 모델이 상용화 될 수 있도록 여러 차례 연구개발 미팅을 진행해 왔으며, 이번 MOU 체결을 기점으로 더욱 긴밀하게 협력하여 한-중 공동의 상업화 성과를 도출 할 계획이다. 회사 관계자는 “제프림은 줄기세포 신생 기업이지만 자체 GMP 공장을 보유하고 있으며, 중국과학원 등 중국 내 영향력있는 다수의 학자들이 지원하고 있고, 특히 파킨슨병 등 뇌질환 관련 연구 성과가 매우 뛰어나다”며, “이번 MOU 체결은 향후 강스템바이오텍 줄기세포 치료제 ‘퓨어스템’의 중국 시장 진출과 뇌질환 관련 치료제의 공동개발 등 중국 내 사업에 많은 도움이 될 것으로 기대한다”고 말했다. /우영탁기자 tak@sedaily.com [서울경제 바로가기] ▶ 텔레그램으로 서울경제 구독하기 | ▶ 네이버TV로 서울경제썸 구독하기 ▶ 네이버 메인에서 'No. 1 뉴스' 서울경제를 만나보세요 저작권자 ⓒ 서울경제, 무단 전재 및 재배포 금지",https://news.naver.com/main/read.nhn?mode=LSD&mid=sec&sid1=001&oid=011&aid=0003567330
8,[ET투자뉴스]현대엘리베이_상장주식수 대비 거래량은 0.72%로 적정수준,"업종지수와 비교해서 위험대비 수익률 좋다고 할 수 있어 10일 오전 9시40분 현재 전일대비 3.58% 오른 86,700원을 기록하고 있는 현대엘리베이는 지난 1개월간 7.17% 상승했다.  동기간 동안에 주가움직임의 위험지표인 표준편차는 2%를 기록했다.  이는 코스피 업종내에서 주요종목들과 비교해볼 때 현대엘리베이의 월간 주가수익률이 가장 높았던 만큼 변동성도 상당히 높은 수준을 유지했다는 뜻이다.  최근 1개월을 기준으로 현대엘리베이의 위험을 고려한 수익률은 3.5를 기록했는데, 변동성은 높았으나 주가흐름이 괜찮았기 때문에 위험대비 수익률은 높은 수준을 유지했다.   또한 코스피업종의 위험대비수익률 -1.3보다도 높았기 때문에 업종대비 성과도 긍정적이라고 할 수 있다. 다음으로 업종과 시장을 비교해보면 현대엘리베이가 속해 있는 코스피업종은 기계지수보다 변동성과 수익률이 모두 낮은 모습을 보여주고 있다.  다시 말해서 동업종의 탄력은 약한 반면 하락시에도 지수보다 낙폭이 작다는 의미이다. 표준편차 수익율 위험대비 수익율 두산중공업 2.3% -3.7% -1.5 현대엘리베이 2.0% 7.2% 3.5 한온시스템 2.0% 0.4% 0.2 두산밥캣 1.7% 6.1% 3.5 두산인프라코어 1.4% -4.3% -3.0 기계 1.0% 0.8% 0.8 코스피 0.6% -0.8% -1.3 관련종목들도 일제히 상승, 기계업종 +1.38% 이 시각 현재 관련종목들도 일제히 상승하고 있는 가운데 기계업종은 1.38% 상승중이다. 두산밥캣 33,900원 ▲650(+1.95%) 두산중공업 6,340원 ▲30(+0.48%) 한온시스템 11,650원 ▲100(+0.87%) 두산인프라코어 6,540원 ▲40(+0.62%) 증권사 목표주가 105,000원, 현재주가 대비 21% 추가 상승여력 최근 한달간 제시된 증권사 투자의견을 종합해보면 현대엘리베이의 평균 목표주가는 105,000원이다.  현재 주가는 86,700원으로 18,300원(21%)까지 추가상승 여력이 존재한다. 증권사별로 보면  유진투자증권의 이상우 에널리스트가 "" 주택경기에 둔감한 승강기산업, 최근 결정된 이천공장 매각(2,050억원, 장부가 218억원) 및 충주 이전(305억원) 과정에서 발생할 유형자산 매각차익인식도 기대된다. 승강기업의 안정성에서 나타나는 배당증액(500원？900원) 또한 향후 현대 엘리베이터의 주요 투자포인트가 될 것이다.…"" (이)라며 투자의견 BUY(유지)에 목표주가:     105,000원을 제시했고, 대신증권의 이동헌 에널리스트가 "" 무난한 성장, 대북 분위기 악화는 기반영, 강화된 승강기 안전관리법 수혜(3/28 시행)…"" (이)라며 투자의견 BUY(유지)에 목표주가:     105,000원을 제시했다. 3월14일에 현대엘리베이 4/4분기(2018년10월~12월)실적 발표됨 <발표치> 매출액 영업이익 당기순이익 4/4분기 4,893.0억 398.0억 237.0억 직전분기 대비 3.3% 증가 6.2% 감소 6870.6% 증가 전년동기 대비 외국인과 개인은 순매도, 기관은 순매수(한달누적) 6월5일부터 전일까지 외국인이 2거래일 연속 순매도했다.  4주간을 기준으로 보면 기관이 방향성있는 매매를 하면서 212,896주를 순매수한 반면, 외국인은 매도 우위를 지속하면서 152,555주를 순매도했고, 개인들도 매도쪽으로 방향을 잡으면서 68,540주를 순매도했다. 투자주체별 누적순매수 상장주식수 대비 거래량은 0.72%로 적정수준 최근 한달간 현대엘리베이의 상장주식수 대비 거래량을 비교해보니 일별 매매회전율이 0.72%로 집계됐다.  그리고 동기간 장중 저점과 고점의 차이인 일평균 주가변동률을 3.22%를 나타내고 있다. 거래비중 기관 19.07%, 외국인 16.78% 최근 한달간 주체별 거래비중을 살펴보면 개인이 61.98%로 가장 높은 참여율을 보였고, 기관이 19.07%를 보였으며 외국인은 16.78%를 나타냈다.  그리고 최근 5일간 거래비중은 개인 비중이 58.94%로 가장 높았고, 기관이 22.53%로 그 뒤를 이었다.  외국인은 17.06%를 나타냈다. 투자주체별 매매비중 ＊기관과 외국인을 제외한 개인 및 기타법인 등의 주체는 모두 개인으로 간주하였음 투심 보통 ,거래량 약세, 현재주가는 강세 현주가를 최근의 주가변화폭을 기준으로 본다면 상승추세를 유지하고 있고, 거래량 지표로 볼 때는 상승에 필요한 에너지가 부족한 상황이며 실리적인 측면에서는 투자자들은 안정적인 심리상태를 보이고 있고 이동평균선들의 배열도를 분석을 해보면 중장기적으로 하락국면에 있으나 단기적으로는 추세전환 시도가 나오고 있다. 주요 매물구간인 115,000원선이 저항대로 작용 최근 세달동안의 매물대 분포를 살펴보면, 현주가 위로 115,000원대의 대형매물대가 눈에 뜨이고, 이중에서 115,000원대는 전체 거래의 23.3%선으로 매매가 이가격대에서 비교적 크게 발생한 구간이라서 향후 주가가 상승할때 수급적인 저항대가 될 가능성을 고려할 필요가 있고, 그리고 119,500원대의 매물대 또한 규모가 약하기는하지만 향후 주가상승시에 저항대로 작용할 수 있다.  따라서 주가가 단기적인 상승을 전개하고 있는 현재 상황에서는, 제1매물대인 115,000원대의 저항가능성에 보다 더 큰 비중을 두는 시각이 합리적이고, 아직은 제1매물가격대까지는 거리가 꽤 남아있고, 당분간 물량적인 부담이 없기 때문에 추가상승시에 큰 걸림돌은 없을듯 하고, 115,000원대의 저항대 역할은 좀더 기다릴 필요가 있다. [포인트검색] 6월3일 : 현대엘리베이터(주) 기업지배구조 보고서 공시 증시분석 전문기자 로봇 ET etbot@etnews.com 전자신문과 금융AI전문기업 씽크풀의 증시분석 전문기자 로봇 ET가 쓴 기사입니다 ▶ ""밀레니얼 세대에게 팔아라""  밀레니얼/Z세대 쇼크 & 패러다임 시프트 콘서트 2019 ▶ 네이버 모바일에서 [전자신문] 채널 구독하기 ▶ 전자신문 바로가기 [Copyright ⓒ 전자신문 & 전자신문인터넷, 무단전재 및 재배포 금지] 이 기사는 언론사에서 경제 섹션으로 분류했습니다. 기사 섹션 분류 안내 기사의 섹션 정보는 해당 언론사의 분류를 따르고 있습니다. 언론사는 개별 기사를 2개 이상 섹션으로 중복 분류할 수 있습니다. 닫기 좋아요 0 훈훈해요 0 슬퍼요 0 화나요 0 후속기사 원해요 0 이 기사를 추천합니다 안내 보내기 <p class=""tomain_info_phrase"">
			<span class=""tomain_info_body"">
				<span class=""tomain_info_text"">이 기사는 </span><strong class=""tomain_info_point"">사용자 추천</strong><span class=""tomain_info_text"">으로 모바일 메인 뉴스판에 노출된 이력이 있습니다.</span>
			</span>
		</p> <p class=""tomain_info_phrase"">
			<span class=""tomain_info_body"">
				<span class=""tomain_info_text"">이 기사는 </span><strong class=""tomain_info_point"">모바일 메인 뉴스판</strong><span class=""tomain_info_text"">에 노출된 이력이 있습니다.</span>
			</span>
		</p> <p class=""tomain_info_layer"">
			<strong class=""tomain_info_head"">모두에게 보여주고 싶은 기사라면<i>?</i><span class=""tomain_info_betaicon"">beta</span></strong>
			<span class=""tomain_info_body"">
				<strong class=""tomain_info_point"">이 기사를 추천합니다 </strong><span class=""tomain_info_text"">버튼을 눌러주세요. 집계 기간 동안 추천을 많이 받은 기사는 네이버 자동 기사배열 영역에 추천 요소로 활용됩니다.</span>
			</span>
			<a href=""#"" class=""tomain_info_close"">레이어 닫기</a>
		</p> (function(){
			var currentDate = new Date(), yyyy = currentDate.getFullYear(), mm = currentDate.getMonth() + 1, dd = currentDate.getDate();
			var currentDateParam = """" + yyyy + (mm < 10 ? '0' + mm : mm) + (dd < 10 ? '0' + dd : dd);
			var id = ""naver-splugin-sdk"";
			var s = document.createElement(""script""); s.id = id; s.type = ""text/javascript"", s.charset = ""utf-8"", s.async = false;
			s.src = (""https://ssl.pstatic.net/spi/js/release/ko_KR/splugin.js?"" + currentDateParam);
			var d = document.getElementsByTagName('head')[0]; d.appendChild(s, d);
		})();
 		(function(oData) {
		    var t = new Date(), yyyy = t.getFullYear(), mm = t.getMonth() + 1, dd = t.getDate();
		    var currentDate = """" + yyyy + (mm < 10 ? '0' + mm : mm) + (dd < 10 ? '0' + dd : dd);
		    var s = document.createElement(""script"");
		    s.type = ""text/javascript"";
		    s.charset = ""utf-8"";
		    s.src = ""https://news.like.naver.com/js/reaction/dist/reaction.min.js?""+ currentDate; // (new Date()).toDateString().replace(/\s/g,"""");
		    (document.head || document.getElementsByTagName(""head"")[0]).appendChild(s);
		})();
		window.onload = function() {
		    if(jindo.$Element(""spiLayer"").query(""._reactionModule"") !== null) {
				var toMainInfoLayerManager = {

					oCookieStorage : null,
					sCookieKey : null,
					sTemplateType : null,
					oTemplateType2TemplateMapping : null,

					welTomainInfoLayer : null,

					init : function () {
						this.setCache();
						this.setEvent();

						if (this.sTemplateType != 'N') {
							this.renderLayer();
						}
					},

					setCache : function () {
						this.oCookieStorage = jindo.$Cookie(true);
						this.sCookieKey = 'pcTomainDontShow';
						this.sTemplateType = 'N';
						this.oTemplateType2TemplateMapping = {
							'R' : 'TOMAIN_DISPLAYED_BY_USER_RECOMMEND_TPL',
							'E' : 'TOMAIN_DISPLAYED_BY_NEWS_EDIT_TPL',
							'N' : 'TOMAIN_NOT_DISPLAYED_YET_TPL'
						};
						this.welTomainInfoLayer = jindo.$Element('tomain_info');
					},

					setEvent : function () {
						this.welTomainInfoLayer.delegate('click', '.tomain_info_close', jindo.$Fn(this.onCloseClick, this).bind());
					},

					renderLayer : function () {
						var sTemplate = this.oTemplateType2TemplateMapping[this.sTemplateType];
						this.welTomainInfoLayer.html(jindo.$Template(sTemplate).process({}));
						this.welTomainInfoLayer.show();
					},

					onCloseClick : function (e) {
						e.stopDefault();
						this.welTomainInfoLayer.hide();
						this.oCookieStorage.set(this.sCookieKey, 'Y', 365);
					}

				};

				var toMainManager = {

					welContainer : null,
					welCount : null,
					welButton : null,

					init : function () {
						this.welContainer = jindo.$Element('toMainContainer');
						this.welCount = jindo.$Element(this.welContainer.query('._count'));
						this.welButton = jindo.$Element(this.welContainer.query('a'));
					},

					// 추천 수가 0인 경우, 디자인이 달라서 is_first 클래스 추가
					addIsFirstClassIfZeroCount : function () {
						if (this.welCount.text() == '0') {
							this.welButton.removeClass('off').addClass('is_first');
						}
					},

					removeIsFirstClass : function () {
						this.welButton.removeClass('is_first');
					},

					onRecommend : function () {
						this.removeIsFirstClass();
					},

					onCancel : function () {
						this.addIsFirstClassIfZeroCount();
					},

					onRecommendReady : function (element) {
						this.addIsFirstClassIfZeroCount();
					}
				};

				toMainInfoLayerManager.init();
				toMainManager.init();

				reaction.init({
					type: ""multi"",
					domain : ""https://news.like.naver.com"",
					dependentLibrary : ""jquery"",
					cssId: ""news"",
					isMobile: false,
					isHiddenLabel : false,
					isHiddenCount : false,
					isHiddenZeroCount : false,
					isUsedLabelAsZeroCount : false,
					isDebugMode : false,
					isHiddenLayerAfterSelection : true,
					callback : {
						clicked : function(param) {
							// displayId 가 'NEWS_MAIN' 이면 '메인으로추천', 'NEWS'면 '좋아요'
							if (param && param.content && param.content.displayId && param.content.displayId == 'NEWS_MAIN') {
								if(param.content.isReacted) {
									toMainManager.onRecommend();
									return;
								}
								toMainManager.onCancel();
							}
						},
						updated : function(param) {
							if (param) {
								jindo.$A(param.contents).filter(function (content) {
									if (content.serviceId == 'NEWS_MAIN') {
										return true;
									}
									return false;
								}).forEach(function (content) {
									toMainManager.onRecommendReady();
								});
							}
                            var autoSummaryFeedbackData = jindo.$A(param.contents)
                                    .filter(function (contentsData) {
                                        return contentsData.serviceId === 'NEWS_SUMMARY';
                                    })
                                    .$value()[0] || {};

                            // export
							if(autoSummaryFeedbackData.reactions){
								window.autoSummary = new AutoSummary()
									.init({
										apiUrl: 'https://tts.news.naver.com/article/030/0002818829/summary',
										feedbackDataList: autoSummaryFeedbackData.reactions
									});
							}
						},
                        click: function (param) {
                            var triggeredWrapper = jindo.$Element(param.target)
                                .parent(function (wel) {
                                    return wel.hasClass('_reactionModule');
                                })[0];
                            var isAutoSummaryFeedback = (triggeredWrapper) ?
                                triggeredWrapper.attr('data-sid') === 'NEWS_SUMMARY' :
                                false;

                            if (isAutoSummaryFeedback) {
                                return window.autoSummary.confirmApplyFeedback();
                            }
                        }
					}
				});
			}

		    // for social plugin
			window.__splugin = SocialPlugIn_Core({
				// nEvent Key
				""evKey""       : ""news"",
				// 서비스명
				""serviceName"" : ""뉴스"",
				""sourceName"" : ""전자신문"",
				// 버튼 클릭후 호출되는 콜백함수
				""onClick""     : function(button) {},
				// 공유하기 레이어 노출 후 호출되는 콜백함수
				""onShow""      : function() {},
				// 공유하기 레이어 닫기 후 호출되는 콜백함수
				""onHide""      : function() {}
			});
		}
		
		function onSubscribe(elTarget) {
			return htParameter;
		}

		// 이기추 레이어 표시
		function doDisplayTomainInfo() {
			var welTomainInfoLayer = jindo.$Element('tomain_info_new');
			if (welTomainInfoLayer.css(""display"") == ""none"") {
				welTomainInfoLayer.delegate('click', '.tomain_info_close', jindo.$Fn(onCloseClick, this).bind());
				welTomainInfoLayer.html(jindo.$Template('TOMAIN_NOT_DISPLAYED_YET_TPL').process({}));
				welTomainInfoLayer.show();
			} else {
				welTomainInfoLayer.hide();
			}
		}

		// 이기추 레이어 닫기
		function onCloseClick(e) {
			e.stopDefault();
			var welTomainInfoLayer = jindo.$Element('tomain_info_new');
			welTomainInfoLayer.hide();
		} /* (function() {
	init_socialplugin();
})(); */ jindo.$Fn(function() {
        jindo.$Fn(function(){
            var oid = '030';
            var aid = '0002818829';
            new jindo.$Ajax('/main/ajax/series/list.nhn?oid=' + oid + '&aid=' + aid, {
                type : 'xhr',
                method : 'get',
                timeout : 10,
                async : true,
                onload : function(res) {
                    var oJson = res.json();
                    if (oJson.message != null && oJson.message.result != null) {
                        var result = oJson.message.result;
                        var contents = '<div class=""serialization_news""><h3 class=""serialization_news_title""><span class=""serialization_news_ico"">연재</span>'
                            + '<a href=""'+result.linkUrl+'"" class=""serialization_news_more nclicks(ser.more)"" id=""seriesTitle"" >'
                            + result.title + '</a><span class=""blind"">더보기</span></h3>'
                            + '<ul class=""serialization_news_list"">';

                        jindo.$A(result.seriesItemList).forEach(function(value) {
                            if (value) {
                                if (aid == value.articleId) {
                                    contents += '<li><div class=""serialization_news_item""><span class=""serialization_news_time"">'+ value.articleDate +'</span><a href=""'+value.url+'"" class=""serialization_news_link is_selected nclicks(ser.art)"">' + value.title + '</a></div></li>';
                                } else {
                                    contents += '<li><div class=""serialization_news_item""><span class=""serialization_news_time"">'+ value.articleDate +'</span><a href=""'+value.url+'"" class=""serialization_news_link nclicks(ser.art)"">' + value.title + '</a></div></li>';
                                }
                            }
                        });

                        contents += '</ul></div>';

                        jindo.$Element('spiLayer').afterHTML(contents);

                        var elLinkNews = jindo.$$('.link_news');
                        if (elLinkNews.length > 0) {
                            jindo.$Element('link_news_more').first().text(result.title);
                            jindo.$Element('link_news_more').visible(true, 'block');
                            jindo.$Element('link_news_more').attr('href', result.linkUrl);
                        }
                    }
                }
            }).request();
        }).delay(0.8);
    }).attach(window, ""load""); 전자신문 관련뉴스 해당 언론사에서 선정하며 언론사 페이지(아웃링크) 로 이동해 볼 수 있습니다. 이통사, 국산 무선 장비 구매 비율 73%, 1조원 돌파...5G 효과 폭스콘, 中 반도체 공장 건립 본격화…韓 장비·소재도 소싱 나서 삼성전자, TV 점유율 확대 전략으로 대전환...보급형 시장도 적극 대응 국가물관리위원회, 손발 없이 출범하나 DGIST 학생창업기업, 해조류 속 '아이오딘' 저감기술 개발 기사 모아보기 new FontSettingMenu(); 전자신문 기사제공 신문 전자신문  신문게재기사만 인쇄 스크랩 function doDisplay(){
		var element = document.getElementById('articleFactcheckInfo');
		if (element.classList.contains('is_hidden')) {
			element.classList.remove('is_hidden');
		} else {
			element.classList.add('is_hidden');
		}
	} try {
                var isLogForComment = false;
                if (jindo.$Cookie().get('NID_SES') != null && jindo.$Cookie().get('NID_SES') != ''){
                    isLogForComment = true;
                }
                var locationSearch =location.search;

                
                var commentOptions = JSON.parse(JSON.stringify({""sLanguage"":""ko"",""nPageSize"":5.0,""sSort"":""favorite"",""sTemplateId"":""view_economy"",""aFormation"":[""count"",""graph"",""write"",""notice"",""list"",""view""],""sDomain"":""https://ssl.pstatic.net/static.cbox"",""htErrorHandler"":{""5010"":""댓글/답글은 60초 내에 한 개만 등록하실 수 있습니다."",""3006"":""고객님께서는 운영원칙에서 제한하고 있는 글을 작성하셨기 때문에 무기한 글쓰기를 포함한 일부? 활동이 제한되었습니다."",""3005"":""고객님의 IP는 운영원칙에서 제한하고 있는 글을 작성하셨기 때문에 글쓰기를 포함한 일부? 활동이 제한되었습니다."",""3004"":""고객님께서는 운영원칙에서 제한하고 있는 글을 다수 작성하셨기 때문에 글쓰기를 포함한 일부? 활동이 일정 기간 제한되었습니다."",""5003"":""정상적으로 반영되지 않았습니다. 화면 새로고침 후 다시 시도해 주세요."",""3003"":""고객님께서는 운영원칙에서 제한하고 있는 글을 작성하셨기 때문에 글쓰기를 포함한 일부 활동이 일정 기간 제한되었습니다. 동일 내용 댓글의 반복작성이 확인된 경우 제한기간은 1일이며, 반복이 계속되면 기간이 연장될 수 있습니다."",""5026"":""공감/비공감은 최근 24시간내 50회까지 가능합니다."",""4004"":""해당되는 댓글이 없습니다."",""5027"":""공감/비공감은 10초 내에 한 번만 클릭하실 수 있습니다."",""5006"":""자신의 글에 공감 할 수 없습니다."",""5029"":""기사당 허용된 댓글 수 3개를 초과하였습니다. 기사에 작성한 댓글을 삭제 후 다시 작성하실 수 있습니다."",""5008"":""자신의 글에 비공감 할 수 없습니다.""},""sCountry"":""KR"",""sDateFormat"":""Y.m.d. H:i:s"",""sCommentNo"":"""",""bManager"":false,""sHelp"":""down"",""bSortCookie"":true,""sAuthType"":""both"",""htMessage"":{""template"":{""duplicate_caution_link_title"":""운영규정 자세히 알아보기"",""write_long_placeholder"":""저작권 등 다른 사람의 권리를 침해하거나 명예를 훼손하는 게시물은 이용약관 및 관련 법률에 의해 제재를 받을 수 있습니다. 건전한 토론문화와 양질의 댓글 문화를 위해, 타인에게 불쾌감을 주는 욕설 또는 특정 계층/민족, 종교 등을 비하하는 단어들은 표시가 제한됩니다."",""view_all"":""댓글 더보기"",""sort_favorite"":""순공감순"",""duplicate_caution_link_address_pc"":""https://news.naver.com/main/principle.nhn"",""help_contents"":[""작성자가 삭제한 댓글(작성자 삭제), 운영자가 삭제한 댓글(규정 미준수) 그리고 삭제되지 않은 현재 남은 댓글의 수와 이력을 투명하게 제공합니다."",""순공감순은 공감수에서 비공감수를 뺀 수치가 많은 댓글입니다. 비정상적인 방법으로 공감수가 증가하는 경우 제외될 수 있습니다.<br/>정치기사의 댓글은 최신순만 제공됩니다.""],""duplicate_caution_title"":""동일 내용 댓글의 반복 등록이<br>확인되었습니다."",""write_placeholder"":""댓글을 입력해주세요"",""duplicate_caution_link_address_mobile"":""https://m.news.naver.com/ombudsman/index.nhn?mode=rule&open=comment"",""help_titles"":[""댓글이력공개안내"",""댓글노출정책""],""user"":{""header"":{""help"":{""title"":""뉴스댓글 도움말"",""content"":""댓글목록을 공개한 사용자의 댓글모음이 제공됩니다. 나의 댓글 모음에서 다른 사람에게 공개 또는 비공개 설정을 할 수 있습니다. 제공되는 목록에 삭제댓글/답글은 포함하지 않습니다.""}}},""duplicate_caution_cont"":""반복 등록이 계속될 경우 운영규정에 따라 <br>서비스 이용이 정지될 수 있습니다."",""social_login_message"":""계정을 선택하시면 <span class=\""u_cbox_msg_point\"">로그인&middot;계정인증</span>을 통해<br> 댓글을 남기실 수 있습니다.<br>뉴스서비스에서는 소셜 계정 사용이 불가하며<br>댓글모음만 확인하실 수 있습니다.""},""alert"":{""min_length"":""내용을 최소 {0}자 이상 입력해주세요."",""login_require"":""입력창 상단의 서비스별 아이콘을 선택하여 로그인해 주세요."",""max_length"":""{0}자까지 입력할 수 있습니다.""},""stats"":{""fold"":""접기"",""view"":""통계보기"",""user_env_title"":""어디에서 댓글을 썼을까요?"",""title"":""누가 댓글을 썼을까요?""}},""sApiDomain"":""https://apis.naver.com/commentBox/cbox5"",""bIncludeAllComments"":true,""sTicket"":""news"",""sCssId"":""news_w"",""sPageType"":""more"",""sObjectId"":""news030,0002818829"",""sCountType"":""comment"",""bShowReply"":"""",""bUseAgo"":false,""bMobile"":false,""nReplyPageSize"":20.0,""bByCountry"":false,""sLikeItId"":""ne_030_0002818829""}), function (key, value) {
                    if (value && (typeof value === 'string') && value.indexOf(""function"") === 0) {
                        var jsFunc = new Function('return ' + value)();
                        return jsFunc;
                    }

                    return value;
                });

                
                var sNoticeMessage = """";
                

                
                var serviceOptions = {
                    ""bLogin"" : isLogForComment,
                    ""sCssId"" : 'news',
                    ""nPageSize"" : 10,
                    ""sCharset"": 'euc-kr',
                    ""bIncludeAllComments"" : CommentUtils.parseParameter(locationSearch, ""includeAllCount"", true),
                    ""sCommentNo"" : CommentUtils.parseParameter(locationSearch, ""commentNo"", ''),
                    ""bShowReply"" : CommentUtils.parseParameter(locationSearch, ""showReply"", ''),
                    ""vViewAllHandler"" :CommentUtils.processViewAllCommentsWithOption,
                    ""htEventHandler"" : {
                        ""loadList"" : CommentUtils.resetCount,
                        ""loadCreate"" : CommentUtils.resetCount,
                        ""afterList"" :  CommentUtils.coord({""checkHighLight"" : null, ""loadOptionNotice"" : sNoticeMessage}),
                        ""afterRemove"" : CommentUtils.resetCount,
                    },
                    ""vCommentLinkHandler"" : CommentUtils.processCommentLanding,
                    ""fCommentItemHandler"" : CommentUtils.itemConverter
                }
            } catch(e) {
                //TODO : nelo전송
            }

            
            try {
                commentOptions = CommentUtils.copyOptions(commentOptions, serviceOptions);
                jindo.$Fn(function() {
                    (function (htOption) {
                        window.__htCboxOption = htOption;
                        var retryCount = 1;
                        var onErrorRetry = function () {
                            if (retryCount == 3) {
                                JEagleEyeClient.sendError(""cbox.core.js retry 3 fail"");
                                return;
                            }

                            createScript(htOption);
                            retryCount += 1;
                        };

                        var createScript = function (htOption) {
                            var s = document.createElement('script');
                            s.type = 'text/javascript';
                            s.charset = 'utf-8';
                            s.onerror = onErrorRetry;
                            s.src = htOption.sDomain + '/js/cbox.core.js?v=' + Math.floor(new Date().getTime() / 1200000);
                            (document.head || document.getElementsByTagName(""head"")[0]).appendChild(s);
                        };

                        createScript(htOption);
                    })(commentOptions);
                }).attach(window, ""load"");
            } catch(e) {
                //TODO : nelo전송
            } jindo.$Fn(function(){
    jindo.LazyLoading.load(
        ""https://ssl.pstatic.net/dicimg/tip/tip_pc.js?"" + jindo.$Date().format(""Ymd""),
        function(){
            if(typeof tip === ""undefined""){
                loadVod();
                return;
            }

            tip.init('#articleBodyContents', {
                prCode : ""news"",
                lang: {
                    ""en"": {
                        minWordLength: 2,
                        target:""ko"",
                        nsc:""dic.tt.nek""
                    }
                },
                layerTarget : 0,
                mousePointer: true,
                eventBeforePlaySound : function(oEvent) {
                    if (typeof ttsPlayer != ""undefined"") {
                        ttsPlayer.pause();
                    }

                },
                eventAfterPlaySound: function(oEvent) {
                    if (typeof ttsPlayer != ""undefined"") {
                        ttsPlayer.resume();
                    }
                }
            });

            loadVod();

            // 동영상 iframe 로딩
            function loadVod(){
                news.read.VodIframeLazyLoader.init();
            }
        }
    );
}).attach(window, ""load""); 속보 기사목록 전체보기 강스템바이오텍, 중국 제프림과 줄기세포 상용화 MOU 체결 포토 '최악' 역사 쓴 '다크 피닉스'... '마이펫2' 상황도 우울 포토 [ET투자뉴스]현대엘리베이_상장주식수 대비 거래량은 0.72%로 적정수준 포토 타다, 사고시 드라이버 부담 없앤다 포토 “어떤 맛일까?” 푸르밀, 인디안밥 우유 출시 포토 jindo.$Fn(function(){
		var _guideBaseElement = jindo.$Element(jindo.$$.getSingle("".guide_categorization""));
		var _guideCategorizationDiv = jindo.$Element(""guideCategorizationDiv"");

		if (_guideBaseElement && _guideCategorizationDiv) {
			jindo.$Fn(function(e) {
				e.stopDefault();
				_guideCategorizationDiv.toggle();
			}, this).attach(_guideBaseElement.query(""a._categorization_title""),'click');

			jindo.$Fn(function(e) {
				e.stopDefault();
				_guideCategorizationDiv.toggle();
			}, this).attach(_guideBaseElement.query("".guide_categorization_ct a.guide_categorization_ct_close""), 'click');
		}
	}).attach(window, ""load""); 가장 많이 본 뉴스 정치 경제 사회 생활/문화 세계 IT/과학 정치 1 민경욱 ""천렵질에 정신 팔려"" 발언 논란…여당 '발끈' 2 천렵질 무슨 뜻?…한국당 논평에 여당 '발끈' 3 한기총 “신영복·김원봉 발언 책임져야…대통령 하야 국민청원 할 것” 4 ‘진박 감별사’ 한국당 홍문종, 애국당으로 입당 시사 5 ""대통령 하야"" 한기총·전광훈에 탁현민 ""그들의 시대는 어떤 시대인가"" 6 민경욱 또…여당 ""막말 수도꼭지, 대변인직 박탈하라"" 7 이희호 여사 위중…오전 고비 넘겨 8 2030 남성들까지 대통령 김원봉 발언 비판 9 '천렵질' 실검에 올린 민경욱, ""막말 수도꼭지"" 비난에 ""더 가열차게"" 10 [이용문의 정치본색] 홍문종 發 보수재편? 찻잔속 파도? 가장 많이 본 뉴스 더보기 경제 1 [단독]다이공 싹쓸이 독 됐다…中서 안 보이는 한국화장품 2 세계에서 5번째로 긴 ‘보령해저터널’ 7년 만에 관통 3 [단독] '시간당 3100만원' 부르는 게 값…네이버, 7월에 광고료 또 인상 4 자산가 사이 '10년 위기설' 솔솔…골드바·달러 수억씩 사재기 5 ""한번에 600만원"" 백내장수술 보험금에 놀란 보험사 6 삼성전자 그만두고 韓 유학온 베트남 노동자...이유는 7 ""삼성 재입사가 꿈""…베트남삼성 노동자 출신 유학생 '화제' 8 나랏돈 퍼주는 정부…""이대론 그리스처럼 파탄"" 9 “전기차 전환땐 제품 90% 사라지는데… 신사업 R&D 꿈도 못꿔” 10 [생활경제] ‘착오 송금’ 은행에서 취소 안 된다? 가장 많이 본 뉴스 더보기 사회 1 ""바이올리니스트 유진박 또 거액 사기당해""…경찰, 매니저 수사 2 “성폭행하려 해…” 고유정이 우발적 범행 주장하며 한 말 3 “유진박 또 사기·착취 당해” 매니저 수사…MBC가 고발 도와 4 전남편 살해전 흉기 준비한 고유정 ""수박 썰다 성폭행 방어"" 5 '지중해 크루즈 여행' 한국인 여성, 바다에 떨어져 실종 6 ""수돗물, 변기물로밖에 못 써… 음식도 샤워도 생수로"" 7 “동생을 샌드백처럼…” 제천 학교폭력 호소글 활활 8 고유정 전 남편 추정 뼛조각 발견… 고열 소각에 신원 확인 난항 9 고유정 ""성폭행 막으려다 범행"" vs 경찰 ""완전범죄 계획"" 10 차량 들이받고 살펴보더니…슬그머니 자리 뜬 경찰관 가장 많이 본 뉴스 더보기 생활/문화 1 지중해 크루즈여행하던 63세 한국인여성 바다로 추락해 실종(종합) 2 [오은영의 화해] “완벽한 남편이지만 다른 여자를 만나요” 3 밤사이 세종 99㎜ 호우…출근길 수도권 곳곳 비 4 ""한살배기 아들 목 꺾였다""···최민환 '아기띠 시구' 논란 5 오후에 서울·경기부터 비 멈춰…경기·충청엔 호우특보 6 '고액 강연료 논란' 김제동 ""시청률 2%라니? 4%다"" 조선일보에 반박 7 말 못한다고 살인 누명까지 씌울 건가 8 [오늘 날씨] 전국 흐리고 가끔 비…오후부터는 그쳐 9 [오늘의 날씨] 출근길 곳곳 비…동해안·호남 내일까지 10 [르포]“신뢰깨졌다”… 집행부에 등돌리는 르노삼성 조합원 가장 많이 본 뉴스 더보기 세계 1 크루즈 여행하던 60대 한국인 '추락 실종'…CCTV 확인 2 지중해 크루즈 여행하던 60대 한국인, 바다로 추락해 실종 3 지중해 크루즈 여행 60대 한국인 여성, 바다로 추락해 실종 4 거리 뒤덮은 100만 홍콩 시민들…""중국 송환 반대"" 5 홍콩 범인 인도 조약 개정 반대 시위, 100만명 운집 6 트럼프, ""뉴욕타임즈는 국민의 적"" 트윗으로 맹비난 7 ""바람 쐰다더니···"" 지중해 크루즈서 60대 한국여성 추락 실종 8 60대 韓여성 유럽 지중해 크루즈선서 추락…수색 '실패' 9 중, 삼성·SK하이닉스 불러 “미국에 협조 땐 응징” 위협 10 홍콩시민 100만명 '범죄인 중국송환' 반대시위...홍콩반환뒤 최대 가장 많이 본 뉴스 더보기 IT/과학 1 6~7월의 은하수… ‘갤럭시’가 쏟아진다 2 반도체 경기 '상저하저' 현실화…보릿고개 길어지는 삼성·SK하이닉스 3 [촌철살IT] ""고프로 한판 붙자""…DJI 액션캠 '오즈모 액션' 써보니 4 갤럭시노트10·노트10 프로 뭐가 다른가 5 또 짐싸는 과기정통부…6년 만에 '과천시대' 접고 '세종시대' 연다 6 ""국민 67%가 이용하는 게임…중독정신 의학계, 공허한 주장 멈춰야"" 7 문 닫아도 내부 보이는 냉장고 기술 특허 출원 8 이통사, 국산 무선 장비 구매 비율 73%, 1조원 돌파 9 [비즈톡톡] 해외에선 더 싼 '세계최고' 한국 TV, 이유는? 10 화웨이 OS 훙멍, 멕시코·호주 등 각국서 상표등록 가장 많이 본 뉴스 더보기 var ranking_selectedSectionId = '';
var ranking_listAllSection = jindo.$A(['100', '101', '102', '103', '104', '105']);
function ranking_select_tab(sectionId) {
jindo.$('right.ranking_tab_' + sectionId).innerHTML = ""<strong>"" + ranking_select_section_name(sectionId) + ""</strong>"";
jindo.$Element('right.ranking_tab_' + sectionId).addClass('is_click').attr('aria-selected', true);
if (ranking_selectedSectionId) {
jindo.$('right.ranking_tab_' + ranking_selectedSectionId).innerHTML = ranking_select_section_name(ranking_selectedSectionId);
jindo.$Element('right.ranking_tab_' + ranking_selectedSectionId).removeClass('is_click').attr('aria-selected', false);
}
if (ranking_selectedSectionId == sectionId) {
jindo.$('right.ranking_tab_' + sectionId).innerHTML = ""<strong>"" + ranking_select_section_name(sectionId) + ""</strong>"";
jindo.$Element('right.ranking_tab_' + ranking_selectedSectionId).addClass('is_click').attr('aria-selected', true);
}
ranking_selectedSectionId = sectionId;
}
function ranking_select_section(sectionId) {
if (!ranking_listAllSection.has(sectionId)) {
sectionId = '100';
}
jindo.$('right.ranking_contents').innerHTML = jindo.$('ranking_' + sectionId).innerHTML;
ranking_select_tab(sectionId);
}
function ranking_select_section_name(sectionId) {
var selectSectionName = ""정치"";
switch (sectionId) {
case '100' : selectSectionName = ""정치""; break;
case '101' : selectSectionName = ""경제""; break;
case '102' : selectSectionName = ""사회""; break;
case '103' : selectSectionName = ""생활/문화""; break;
case '104' : selectSectionName = ""세계""; break;
case '105' : selectSectionName = ""IT/과학""; break;
default : selectSectionName = ""정치"";
}
return selectSectionName;
}
function ranking_tab_handler(event) {
var sectionId = jindo.$Event(event).element.id.replace('right\.ranking_tab_', '');
if (sectionId) {
ranking_select_section(sectionId);
}
}
ranking_listAllSection.forEach(function (v, i, o) {
jindo.$Fn(ranking_tab_handler, window).attach(jindo.$Element(jindo.$('right.ranking_tab_' + v)), 'mouseover');
});
ranking_select_section('201'); 분야별 주요뉴스 시사 경제/생활 시사 黃경고 무색…'빨갱이' 이어 '천렵질' 논평 막말 논란 文대통령, 첫 순방지 핀란드 도착…북유럽 3국 외교 시작 세브란스병원 ""이희호 여사 비교적 안정적 상태 되찾아"" 한기총 “청와대 국민청원에 ‘문 대통령 하야’ 청원할 것” 文대통령 긍정평가 48% vs 부정 46.7%...민주 40.5%·한국 29.6% 김원봉 독립유공자 서훈…찬성 42.6% vs 반대 39.9%[리얼미터] 시사 유진박, 또 사기 피해 의혹…""피해액 최소 7억원"" '채용비리' 이병삼 前금감원 부원장보 징역 1년 확정 전 남편 살해 고유정 범행계획 잔인하도록 치밀했다, 진짜 범행동기는? '국공립유치원 민간 위탁'…유아교육법 개정안 결국 철회 동네 보도블록·상하수도 공사 주민이 감독…여성비율 40% 이상 시사 지중해 크루즈 여행 60대 한국인 여성, 추락·실종 홍콩 시민 100만명이 거리로 나온 이유…""범죄인 인도 법안 반대"" 헝 침몰 유람선 인양 임박, 실종자 7명..추가 수습은 없어 “백악관 예산관리국, 화웨이 제재 이행 연기 요청” 경제/생활 신현우 한화에어로스페이스 사장 “아시아나항공 인수 안해” 보령 해저터널 곧 개통? 세계에서 5번째로 긴 터널 ‘1위는?’ 5월 외국인 채권 보유액 '사상 최대'···주식은 순매도 현대로템, 현대차와 손잡고 수소전기열차 개발 나선다 美금리 인하 가능성…""트럼프, 중국 공세 수위 높일듯"" 손 큰 중국인 관광객, 짠돌이 일본인 관광객 경제/생활 현대차, 탑승자 부상 예측해 의료서비스 제공하는 기술 개발 밤사이 세종 99㎜ 호우…출근길 수도권 곳곳 비 [날씨] 오늘 전국 흐리고 비...낮 동안 선선 서울관광재단, 서울 다누림 관광 서포터즈 발대식 열려 내일 전라도 오후까지 비…미세먼지 '좋음'∼'보통' 경제/생활 ""국민 67%가 이용하는 게임…중독정신 의학계, 공허한 주장 멈춰야"" KT, 5G 시대 골드번호 주인 찾는다 '타다' 이용하다 사고나도 운전기사 부담은 '0' 세종텔레콤, 조일이씨에스 흡수합병 완료 var rightDailyList = {
id: 'right_dailyList',
init: function () {
this.tabList = jindo.$A(jindo.$$('#' + this.id + ' div.category a'));
this.contentsList = jindo.$A(jindo.$$('#' + this.id + ' div.classfy'));
var randomIndex = this.getRandomIndex();
this.toggle(randomIndex);
jindo.$Fn(this.handler, this).attach(this.tabList, 'mouseover');
},
getRandomIndex: function () {
return Math.floor(Math.random() * this.tabList.length());
},
getSelectedIndex: function (el) {
var selectedIndex;
this.tabList.forEach(function (value, index, array) {
if (el.tagName === 'A' && value == el) {
selectedIndex = index;
} else if (el.tagName === 'STRONG' && value == el.parentNode) {
selectedIndex = index;
}
});
return selectedIndex;
},
handler: function (event) {
event.stopDefault();
var selectedIndex = this.getSelectedIndex(event.element);
if (this.currentIndex !== selectedIndex) {
this.toggle(selectedIndex);
}
},
toggle: function (selectedIndex) {
var self = this;
this.tabList.forEach(function (value, index, array) {
var wel = jindo.$Element(value);
if (selectedIndex === index) {
wel.html('<strong>' + wel.html() + '</strong>');
wel.attr(""aria-selected"", true);
wel.addClass(""is_click"");
} else if (self.currentIndex === index) {
wel.html(wel.first().html());
wel.attr(""aria-selected"", false);
wel.removeClass(""is_click"");
}
});
this.contentsList.forEach(function (value, index, array) {
var wel = jindo.$Element(value);
if (selectedIndex === index) {
wel.show();
} else {
wel.hide();
}
});
this.currentIndex = selectedIndex;
}
}
rightDailyList.init(); 뉴스토픽 뉴스 연예/스포츠 1 매니저 수사 NEW 2 중국 송환 반대 3 바다로 추락해 실종 NEW 4 이르면 오늘 인양 NEW 5 경기 충청엔 호우특보 NEW 6 외국인 5월 주식 순매도 전환 NEW 7 미세먼지 좋음 8 유명희 통상교섭본부장 NEW 9 헝가리 침몰 유람선 10 오늘 운세 1 슈돌 문희준 NEW 2 미우새 홍선영 NEW 3 최민환 시구 논란 4 아스달 연대기 장동건 5 이정은 숍라이트 클래식 준우승 NEW 6 미우새 고준 7 복면가왕 원흠 NEW 8 어비스 박보영 NEW 9 박형식 오늘 입대 NEW 10 가시나들 우기 NEW 추출이 일시적으로 늦어져 최신 정보를 제공할 수 없습니다. 2019.06.10. 05:30 ~ 08:30 기준 var newsTopicInfo = {
welContainer : null,
welTabContainer : null,
welTabList : null,
welTopicList : null,
initialize : function() {
this.setCache();
this.setEvent();
},
setCache : function() {
this.welContainer = jindo.$Element('newstopic_container');
this.welTabContainer = jindo.$Element('newstopic_tab');
this.welTabList = jindo.$ElementList(this.welTabContainer.queryAll('a'));
this.welTopicList = jindo.$ElementList(this.welContainer.queryAll('ol'));
},
setEvent : function() {
this.welTabContainer.delegate('mouseover', 'a', jindo.$Fn(this.onTabMouseOver, this).bind());
this.welTabContainer.delegate('click', 'a', jindo.$Fn(this.onTabClick, this).bind());
},
onTabClick : function(e){
e.stopDefault();
},
onTabMouseOver : function(e) {
this.welTabList.removeClass('is_click').attr('aria-selected', false);
var tabName = jindo.$Element(e.element).addClass('is_click').attr('aria-selected', true).attr('data-tab');
this.welTopicList.hide();
jindo.$Element('newstopic_' + tabName).show();
}
};
newsTopicInfo.initialize(); try{
                    jindo.$(""doubleDA"").innerHTML = '<div id=""daEtc_300250"" name=""daEtc_300250"" style=""width: 300px; height: 250px;""><iframe id=""etc300250"" name=""etc300250"" src=""https://veta.naver.com/fxshow?su=SU10306&sid1=001&calp=shome"" width=""300"" height=""250"" marginheight=""0"" marginwidth=""0"" border=""0"" frameborder=""0"" scrolling=""no"" align=""center"" title=""우측_기타영역_더블플레이광고"" data-veta-preview=""news_home_02""></iframe></div>';
                }catch(e){} try {
            jindo.$(""doubleDA"").innerHTML = '<div id=""daArticle_300250"" name=""daArticle_300250"" style=""width: 300px; height: 250px;""><iframe id=""art300250"" name=""art300250"" src=""https://veta.naver.com/fxshow?su=SU10306&sid1=101&sid2=258&oid=030"" width=""300"" height=""250"" marginheight=""0"" marginwidth=""0"" border=""0"" frameborder=""0"" scrolling=""no"" align=""center"" title=""우측_기사엔드_더블플레이광고"" data-veta-preview=""news_home_02""></iframe></div>';
        }catch(e){} 욕설 댓글 리마인드 팝업 상처 없는 댓글 세상 만들기에 많은 참여 부탁드립니다. 확인 var commentLayer = {
	init : function () {
		this._oFoggy = new jindo.Foggy();
		this._welLayer = jindo.$Element(""lyr_dimmed"");
		
		var oImg = this._welLayer.query(""img"");
		var nIndex = Math.floor(Math.random() * 5);
		var aImageInfo = [{width:419,height:248,alt:""도산 안창호. 남의 결점을 지적하더라도 결코 듣기 싫은 말로 하지말고 사랑으로써 할 것이외다""}, 
		                  {width:470,height:208,alt:""모로코 속담. 말이 입힌 상처는 칼이 입힌 상처보다 깊다""}, 
		                  {width:453,height:208,alt:""댓글에 상처받는 이는 바로 우리의 이웃입니다""}, 
		                  {width:481,height:208,alt:""댓글 안에 당신의 성숙함도 함께 담아주세요""}, 
		                  {width:406,height:208,alt:""당신의 댓글, 소리내어 읽어보셨나요?""}];
		var welImg = jindo.$Element(oImg);
		welImg.attr('src', 'https://ssl.pstatic.net/static.news/image/news/2015/02/lyr_sc_text' + (nIndex+1) + '.gif');
		welImg.attr('width', aImageInfo[nIndex].width);
		welImg.attr('height', aImageInfo[nIndex].height);
		welImg.attr('alt', aImageInfo[nIndex].alt);
		return this;
	},
	showCommentLayer : function (sNclkHead) {
		this._sNclkHead = sNclkHead;
		this._welLayer.show();
		this._oFoggy.show();
	},
	hideCommentLayer : function (event) {
		this._welLayer.hide();
		this._oFoggy.hide();
		var tempNsc = nsc;
		nsc = ""news.reply"";
        nclk(event, this._sNclkHead + '.camp','','');
		nsc = tempNsc;
	}
}.init(); 이젠 페이지 맨위로 언론사 목록 열기 로딩 중 분야별 목록 열기 로딩 중 마이스크랩 이용약관 서비스 안내 기사배열 원칙 책임자 : 유봉석 청소년 보호 책임자 : 정연아 개인정보처리방침 책임의 한계와 법적고지 뉴스 고객센터 본 콘텐츠의 저작권은 제공처 또는 네이버에 있으며 이를 무단 이용하는 경우 저작권법 등에 따라 법적책임을 질 수 있습니다. Copyright ⓒ eTimesinternet Co All Rights Reserved. NAVER Copyright © NAVER Corp. All Rights Reserved. new news.lnb.NewsSearchController('lnb.searchForm');



//var lnb_weatherRolling = new news.lnb.LineRolling('lnb.weather',{size:26,moveSize:3,moveInterval:30});
var lnb_mainnewsRolling = new news.lnb.LineRolling('lnb.mainnews',{size:17,moveSize:2,moveInterval:30,isRandomStart:true});
var lnb_Rolling = new news.lnb.SynchronizedRolling({interval:3000});
//lnb_Rolling.push(lnb_weatherRolling);
lnb_Rolling.push(lnb_mainnewsRolling);
lnb_Rolling.start();


var index_tab = new news.index.TabController('index.press_category');
index_tab.add(new news.index.Tab('index.press.btn','stit','index.press.area','/main/ajax/bottomIndex/press.nhn'));
index_tab.add(new news.index.Tab('index.category.btn','stit2','index.category.area','/main/ajax/bottomIndex/category.nhn'));
jindo.$Fn(index_tab.toggle, index_tab).attach(index_tab.tabs.keys(), 'click');


(function() {
	news.right.RightSideFloatingManager.init();
})();



    (function() {
        news.right.TopDownFloatingManager.init();
    })();





































		news.read.Toolbar.init({
			oid : '030',
			aid : '0002818829',
			isLogin : false
		});
    
    news.read.TopFloatingManager.init();





;(function(){
    var eventType = ""onpageshow"" in window ? ""pageshow"" : ""load"";
    jindo.$Fn(function(){

	lcs_do_gdid(""880000EA_000000000000000002818829"");
	

    }).attach(window, eventType);
})();








news.startup();


jindo.$Fn(function(){
    var welSkip = jindo.$Element(""u_skip"");
    if (welSkip === null) {
        return;
    }
    welSkip.delegate(""click"", ""a"", function(weEvent){
        weEvent.stopDefault();
        var elTarget = jindo.$(weEvent.element.href.split(""#"")[1]);
        oWebAccessibilityUtil.moveFocus(elTarget);
    });
}).attach(window, ""load"");


document.documentElement.setAttribute('data-useragent',navigator.userAgent);",https://news.naver.com/main/read.nhn?mode=LSD&mid=sec&sid1=001&oid=030&aid=0002818829
9,"타다, 사고시 드라이버 부담 없앤다","차량손해 면책금을 없애는 제도 7월부터 실행 [아이뉴스24 민혜정 기자] 타다 운영사 VCNC는 사고시 드라이버가 부담하는 차량손해 면책금을 없애는 정책을 7월부터 실행한다고 10일 발표했다. 현재는 드라이버 과실로 발생한 사고로 인해 차량 손실이 발생한 경우 50만원 이상의 비용은 드라이버가 부담하지 않고 면책해주는 제도를 시행하고 있으나 7월부터는 모든 비용을 면책해주는 제도로 변경한다. VCNC는 그동안 보험회사와 함께 드라이버 과실로 인한 사고시 부담을 줄이기 위한 여러가지 방안을 논의해 왔고, 50만원 면책금제도를 보험 프로그램으로 전환해 드라이버들이 부담하는 비용을 줄일 수 있는 방안을 구축하게 됐다. 타다 차량 7월부터 시작되는 이번 안은 1차적으로는 30일 이상 운행한 드라이버부터 시작해 향후 모든 타다의 드라이버들이 더 나은 고객 서비스에 집중할 수 있도록 빠르게 시행해 나갈 계획이다. 박재욱 VCNC 대표는 ""타다는 승객의 안전과 드라이버 보호를 최우선으로 한다""며 ""타다의 드라이버가 보다 나은 환경에서 승객의 안전을 책임지고 존중받을 수 있도록 드라이버 환경 개선에 더 노력하겠다""고 말했다. 민혜정기자 hye555@inews24.com ▶네이버 채널에서 '아이뉴스24'를 구독해주세요. ▶아이뉴스TV에서 부동산 고수를 만나보세요. [ⓒ 아이뉴스24 무단전재 및 재배포 금지]",https://news.naver.com/main/read.nhn?mode=LSD&mid=sec&sid1=001&oid=031&aid=0000496109
10,"“어떤 맛일까?” 푸르밀, 인디안밥 우유 출시","푸르밀이 10일 출시한 인디안밥 우유. 유제품 전문기업 푸르밀이 농심과 손잡고 ‘인디언밥 우유’을 10일 출시했다. 푸르밀 인디언밥 우유는 농심 ‘인디언밥’의 맛을 그대로 살린 가공유로 최근 식품 업계의 불고있는 복고(뉴트로) 트렌드와 디자인을 반영한 제품이다. 인디언밥은 1973년 출시 된 농심의 스테디셀러 과자로 고소한 옥수수맛이 특징이다. 푸르밀은 인디안밥을 우유로 재해석해 고소하고 달콤한 풍미를 느끼는 동시에 폭넓은 연령대의 소비자에게 추억을 선사할 수 있도록 레트로풍의 인디언밥 캐릭터 디자인을 담아 친숙함을 더했다. 또한 최근 소비자들 사이에서 고소한 곡물 맛이 나는 우유 제품이 인기를 얻고 있다는 점에 주목해 풍부한 옥수수의 맛과 향을 즐길 수 있도록 했다. 제품 용량은 넉넉한 300mL로 출시돼 귀여운 캐릭터와 함께 추억 속의 맛을 즐길 수 있도록 하여 3050세대에게는 향수를 불러일으키고 젊은 세대에게는 색다른 즐거움을 선사할 것으로 보인다. 푸르밀 관계자는 “인디안밥 우유는 바나나킥 우유에 이어 농심 브랜드와 지속적인 콜라보레이션을 통해 출시된 신제품”이라며 “업계의 뉴트로 트렌드와 곡물 우유 트렌드를 고루 반영하여 재미와 맛을 동시에 챙겼다”고 말했다. 양봉식 기자 yangbs@segye.com ⓒ 세상을 보는 눈, 세계일보",https://news.naver.com/main/read.nhn?mode=LSD&mid=sec&sid1=001&oid=022&aid=0003370233
11,"백조씽크, 주방 리폼 서비스 개시","사진제공=백조씽크 [서울경제] 백조씽크는 ‘주방 리폼 서비스’ 사업을 개시한다고 10일 밝혔다. 이 사업은 씽크볼, 씽크상판, 수전, 배수구, 후드 등 주방 설비를 교체한다. 특히 백조씽크는 전체 리모델링이 부담되고 부분적으로 리폼이 필요한 입주 7년차 이상된 주택의 설비를 사업 대상으로 삼았다. 오래된 씽크볼은 표면에 생활 스크래치가 생기고 그 틈에 음식물 찌꺼기가 끼이면서 변색과 고약한 냄새가 난다. 백조씽크 관계자는 “최근에는 가족의 건강과 식품 위생에 직결되는 주방의 씽크볼 교체를 원하는 주부들이 늘어나고 있다”며 “백조씽크의 신성장동력으로 적극 육성해 나갈 계획이다”고 말했다. /양종곤기자 ggm11@sedaily.com [서울경제 바로가기] ▶ 텔레그램으로 서울경제 구독하기 | ▶ 네이버TV로 서울경제썸 구독하기 ▶ 네이버 메인에서 'No. 1 뉴스' 서울경제를 만나보세요 저작권자 ⓒ 서울경제, 무단 전재 및 재배포 금지",https://news.naver.com/main/read.nhn?mode=LSD&mid=sec&sid1=001&oid=011&aid=0003567329
12,"더 트레이드 데스크-삼바 TV, 파트너십 체결","더 트레이드 데스크는 오늘 디지털 및 커넥티드 TV 광고 캠페인을 위한 자사의 크로스 디바이스  광고 플래닝 툴인 플래너의 기능을 강화하기 위해 글로벌 TV 데이터 및 분석 분야의 선두 업체인 삼바 TV와 파트너십을 체결했다고 10일 발표했다. 이번 파트너십을 통해 광고주들은 TV와 디지털 등 다양한 디바이스에서 진행되는 광고 캠페인의 수용자 도달 범위와 광고 노출 빈도를 예측할 수 있게 된다. 또한 전통적인 TV에서 스트리밍 비디오 및 기타 디지털 미디어로 TV 시청 방법을 전환하고 있는 시청자를 더욱 세분화하여 공략할 수 있게 되었다. 양사가 함께 제공하는 서비스를 통해 광고주들은 모든 TV 프로그램과 디바이스에 대한 광고 계획, 목표 및 측정 방법을 통합함으로써 캠페인 범위와 ROI를 극대화할 수 있게 된다.  동시에, 광고주들은 시청자들에게 얼마나 자주 그들의 광고가 노출될 수 있는지 정형화 하여 관련성 높은 광고를 집행하고 빈도를 최적화할 수 있는 능력을 갖게 될 것이다. 약 4만8000 개의 광고주를 보유하고 있는 삼바 TV의 광고 노출 데이터는 더 트레이드 데스크의 플래너에서만 독점적으로 이용할 수 있다. 이 데이터들은 미국 내 8,000만 가구를 대표하는 첨단 오디언스 모델링 기능에 통합되어 광고주들이 활용할 수 있게 된다. ""삼바 TV가 보유한 풍부한 인사이트를 플래너 툴에 직접 도입함에 따라 최고 전략 책임자인 브라이언 스템팩 (Brian Stempeck)은 말했다. 그는 이어 ""이제 우리는 전통적인 TV 및 디지털 TV 모두에서 더욱 증가된 광고 도달 범위, 노출 빈도, GRP를 향상시킬 수 있는 미디어 바잉 기회를 확보할 수 있게 되었다""라고 덧붙였다. 이번 양사의 파트너십은 지난 몇 년 동안 삼바 TV와 더 트레이드 데스크에서 함께 수행한 작업의 자연스러운 연장선상이며, 이제 광고주들은 가장 표본수가 크고 대표성을 지닌 TV 데이터를 핵심으로 삼아 인구조사 수준의 정확도를 기반으로 TV 시청자들에게 다가갈 수 있을 것으로 전망된다. 이번 파트너십을 통해 광고주들이 얻게 되는 추가적인 혜택은 다음과 같다. 첫째, TV 화면 간 도달 범위와 노출 빈도 분석 기법을 사용하여 TV 광고 캠페인을 자동으로 플래닝하고 최적화함으로써 시청자 광고 도달 범위를 확장한다. 둘째, 광고주의 TV 광고에 노출되거나 노출되지 않은 시청자를 대상으로 정확하게 원하는 광고를 진행할 수 있는 능력을 제공한다. 셋째, 광고주가 코드 커터 (Cord Cutters), OTT 스트리머 (OTT Streamers), 라이트 TV (Light TV) 시청자와 같이 일반적으로는 잘 발견하기 어려운 TV 시청자들에게 접근할 수 있도록 지원한다. 더 트레이드 데스크 코리아의 김승현 지사장은 “커넥티드 TV광고 (약칭 CTV 광고)는 인터넷에 연결된 TV 디바이스에서 프리미엄 컨텐츠와 함께 노출되어 시청자에게 기존 TV광고와 비슷한 형태로 광고 시청 경험을 제공하는 광고를 말한다.   기존의 TV광고보다 비용 대비 효율적인 캠페인 진행이 가능하다.  CTV 광고를 활용하면, 광고주들은 정교한 오디언스 타겟팅 (Audience Targeting)을 통하여 잠재고객을 탐색하고 이에 도달할 수 있다.  또한 TV 캠페인 집행 시, 보다 완성도 높고 투명한 리포트와 실시간 캠페인 분석이 가능해진다.  한국 시장은 인프라 측면의 구조적 제한이 있긴 하지만, 우리는 커넥티드 TV 광고 분야에서도 풍부한 관련 인벤토리를 확보하는 등 탁월한 경쟁력을 보유하고 있다. 최근 우리를 통한 CTV 광고 캠페인의 최종 광고 시청 완료율이 95%에 달할 정도로 광고주로부터 높은 평가를 받고 있다”라고 말했다. 전자신문인터넷 장윤영 기자 (young@etnews.com) ▶ ""밀레니얼 세대에게 팔아라""  밀레니얼/Z세대 쇼크 & 패러다임 시프트 콘서트 2019 ▶ 네이버 모바일에서 [전자신문] 채널 구독하기 ▶ 전자신문 바로가기 [Copyright ⓒ 전자신문 & 전자신문인터넷, 무단전재 및 재배포 금지]",https://news.naver.com/main/read.nhn?mode=LSD&mid=sec&sid1=001&oid=030&aid=0002818828
13,"‘코스닥 불량공시’에 골머리…거래소, 표준모델 개발 착수","코스닥社 역량ㆍ취약점 진단 표준 공시 시스템 마련 계획 사후제재→자체 역량강화 주력 올해 벌써 불성실공시법인 56건 [헤럴드경제=김현일 기자] 한국거래소가 코스닥 시장의 고질적인 불성실공시 문제를 해결하고자 표준 공시모델 개발에 본격적으로 나섰다. 10일 한국거래소에 따르면, 코스닥시장본부는 오는 19일까지 ‘코스닥 상장법인 공시체계 구축 컨설팅 모델 개발을 위한 연구용역’ 입찰을 진행한다. 비용은 2억원 수준이다. 거래소는 이번 연구를 통해 코스닥 상장사의 공시역량과 취약점을 진단하고, 중소ㆍ벤처 기업에 최적화된 표준 공시 시스템을 마련한다는 계획이다. 각 기업 공시 전담조직ㆍ인력의 효과적 관리방안과 최대주주와의 정보체계 구축을 위한 가이드라인 개발 계획도 포함됐다. 거래소는 그동안 불성실공시 기업에 대해 사후제재에 주력했다. 지난 2016년 불성실공시 제재금 한도를 기존 1억원에서 5억원으로 상향했고, 지난해 4월에는 불성실공시로 최근 1년 누적 벌점이 15점을 넘으면 곧바로 거래정지와 상장적격성 실질심사대상이 되도록 규정을 바꿨다. 명절 연휴나 연말 폐장 직전에 악재성 공시를 쏟아내는 ‘올빼미 공시’ 잡기에도 나섰다. 1년간 2회 이상 또는 2년간 3회 이상 올빼미 공시를 한 기업 명단을 공개하겠다고 지난달 밝힌 바 있다. 그러나 제재 강화에도 코스닥 시장의 불성실공시법인 지정 건수는 여전히 증가세다. 작년 한 해에만 101건을 기록해 전년도 71건보다 42% 늘었다. 코스피 시장의 불성실공시법인 건수가 같은 기간 12건에서 9건으로 감소한 것과 대조적이다. 거래소는 신규 상장사가 지속적으로 늘어나고 있는 데다 일부 한계기업의 불성실공시가 반복된 점을 원인으로 보고 있다. 올해 들어서도 벌써 56건(10일 기준)의 불성실공시가 발생해 2년 연속 100건을 넘어설 것으로 예상된다. 사후제재에 집중해왔던 거래소는 이번 연구를 계기로 공시 가이드라인 등을 개발해 상장사 자체역량을 강화하는 데 주력할 방침이다. 거래소 측은 “불성실공시 유형과 원인을 분석한 다음 코스닥 기업규모와 인력구조 등을 고려해 공시 중요도 및 불성실공시 위험이 높은 분야에 집중한 공시체계를 수립할 것”이라고 밝혔다. joze@heraldcorp.com ▶네이버에서 헤럴드경제 채널 구독하기 ▶미리준비하는 여름 최대 75%할인, 헤럴드 리얼라이프 ▶헤럴드경제 사이트 바로가기 - Copyrights ⓒ 헤럴드경제 & heraldbiz.com, 무단 전재 및 재배포 금지 -",https://news.naver.com/main/read.nhn?mode=LSD&mid=sec&sid1=001&oid=016&aid=0001544444
14,"[fnRASSI]삼화네트웍스, 0.53% 오르며 거래량 증가","삼화네트웍스(046390)의 당일 거래량이 최근 5거래일 거래량의 최고치를 넘어서며 투자자들의 관심을 받고 있다. 그리고 삼화네트웍스는 3일 연속 상승흐름을 보이며, 9시 41분 현재 0.53% 증가한 1,880원에 거래중이다. 외국인, 기관 모두 보유량 증가 (5일 누적) 최근 5일간 동종목의 외국인 투자자는 31,698주 순매수하였고 마찬가지로 기관은 1,110주 순매수하였다. 전날 외국인 5,900주 순매수, 기관1,110주 순매도하며 보유 비율이 변동했다. 다음 표는 동종목의 외국인, 기관의 일별 순매수량을 나타낸 것이다. 외국인/개인 순매수, 기관은 순매도(한달누적) 6월4일부터 전일까지 외국인이 3거래일 연속 순매수를 보였다. 4주간을 기준으로 보면 외국인이 173,566주를 순매수했고, 개인들도 매매관점을 매도에서 매수로 전환하면서 1,078주를 순매수했다. 하지만 기관은 매도쪽으로 방향을 잡으면서 174,384주를 순매도했다. 'fnRASSI'는 금융 AI 전문기업 씽크풀과 파이낸셜뉴스의 협업으로 로봇기자가 실시간으로 생산하는 기사입니다. fnRASSI@fnnews.com fnRASSI ▶ 헉! 소리나는 스!토리 뉴스 [헉스] ▶ 클릭해, 뉴스 들어간다 [뉴스쿨] ▶ 세상에 이런일이 [fn파스] ※ 저작권자 ⓒ 파이낸셜뉴스. 무단 전재-재배포 금지",https://news.naver.com/main/read.nhn?mode=LSD&mid=sec&sid1=001&oid=014&aid=0004242014
15,"[입주타임] 1만가구 들어서는 강동구, 래미안 솔베뉴 7월 입주 ③거래편","[래미안 솔베뉴 단지 전경] 강동구 명일동 솔베뉴공인중개사사무소는 다음달 1일부터 '래미안 솔베뉴'가 본격적으로 입주에 들어간다고 10일 밝혔다. 솔베뉴공인에 따르면, 입주를 한 달 여 앞두고 최근 2~3주간 급매물이 급격하게 소진됐다. 이 단지는 명일동 309-1번지 일대에 들어서며 삼익그린맨션 1차 아파트를 재건축한 단지다. 지하 3층~지상 최고 35층, 13개동, 전용 49~103㎡, 총 1900가구(일반분양 268가구) 규모다. 공식적인 입주지정기간은 다음달 1일부터 오는 8월 17일까지다. 국토교통부 실거래가 시스템에 따르면, 올해 래미안 솔베뉴의 입주권•분양권 거래는 총 4건 신고됐으며, 전용  59~78㎡ 중소형 평형 위주로 거래가 이뤄졌다. 전용면적별 매매/전세 시세는 ▲49㎡(21평형) 7억5000만~8억원/3억6000만~3억9000만원 ▲59㎡(25평형) 8억4000만~9억원/4억~4억2000만원 ▲78㎡(32평형) 10억5000만~11억원/5억2000만~5억5000만원 ▲84㎡(34평형) 11억8000만~12억원/5억5000만~6억2000만원 선이다. [래미안솔베뉴 전용면적별 분양가/매매시세(평균)] 지난 2016년 공급 당시 분양가가 ▲49㎡(21평형) 5억~5억2000만원 ▲59㎡(25평형) 6억~6억2900만원 ▲78㎡(32평형) 7억~7억2000만원 ▲84㎡(34평형) 7억3000만~7억5000만원 선이었던 것과 비교하면, 약 2억원가량 웃돈이 붙은 셈이다. 이 지역 솔베뉴공인 관계자는 ""강남4구 신축 단지 중에서는 가성비가 좋은 단지로 꼽힌다. 특히 강동구 주변 단지에는 21평형대의 소형 면적이 귀해서 젊은 신혼부부들의 문의가 많다""라고 설명했다. 이어 ""매매 문의는 40~50대 중년층이 많고 젊은 30~40대 수요자들은 임대 문의가 많다. 5호선 명일역 초역세권 입지로 서울 도심 출퇴근이 편리해 직장인 수요가 풍부하다""고 덧붙였다. 한편, 래미안 솔베뉴가 속한 강동구에는 내년까지 입주 릴레이가 이어진다. 올해 말에는 고덕 센트럴 아이파크(1745가구), 고덕 롯데캐슬 베네루체(1859가구) 등이 입주를 시작한다. 내년 2월 입주 예정인 고덕 아르테온(4057가구)까지 약 1만가구가 강동구에 들어서는 셈이다. [매경 부동산센터] ▶네이버에서 '매일경제' 뉴스 구독하고 경품 받아가세요 ▶뉴스레터 '매콤달콤' 구독 ▶무궁무진한 프리미엄 읽을거리 [ⓒ 매일경제 & mk.co.kr, 무단전재 및 재배포 금지]",https://news.naver.com/main/read.nhn?mode=LSD&mid=sec&sid1=001&oid=009&aid=0004370755
16,"민경욱 '천렵질' 발언에 민주당 ""쌍욕보다 저질 막말, 한국당 제정신인가""","민경욱 자유한국당 의원 페이스북 [서울경제] 황교안 대표의 경고에도 자유한국당의 막말 논란이 끊임없이 되풀이되고 있다. 차명진 전 의원이 문재인 대통령에 ‘빨갱이’라고 말한 데 이어 민경욱 당 대변인마저 문 대통령의 해외순방을 가리켜 ‘천렵질’이라는 논평을 내면서 막말이 도를 넘어섰다는 비판이 일고 있다. 민 대변인은 9일 문 대통령의 북유럽 3국 국빈 방문과 관련해 “불쏘시개 지펴 집구석 부엌 아궁이 있는 대로 달궈놓고는, 천렵질에 정신 팔린 사람마냥 나 홀로 냇가에 몸 담그러 떠난 격”이라는 논평을 냈다. 여기서 나온 ‘천렵질’은 냇물에서 고기를 잡는 천렵(川獵)이라는 뜻으로, 민 대변인은 “대한민국 정체성 훼손 ‘역사 덧칠’ 작업으로 갈등의 파문만 일으키더니, 국민 정서 비(非)공감의 태도로 나 홀로 속 편한 ‘현실 도피’에 나섰다”고 비판했다. 민주당 이해식 대변인은 논평을 통해 “한국당이 문 대통령에게 쌍욕보다 더한 저질 막말을 퍼부었다”며 “경제 영토와 외교 지평을 확대하기 위한 정상 외교를 ‘천렵질’이라고 비난하는 한국당은 제정신인가”라고 맞섰다. 또 ‘막말 수도꼭지’라고 비판하며 “막말 당사자인 민 대변인의 당직을 박탈하라”고 요구했다. 이에 민 대변인은 “대통령 비판은 모조리 막말인가. 비판을 겸허히 받아들이지 못하는 민주당이야말로 공당 자격 상실”이라며 “제1야당 대변인이자 국회의원으로서 더욱 가열차고 합리적으로 정부·여당 비판에 나설 것”이라고 반박했다. 차명진 전 의원의 ‘문재인 빨갱이’ 발언에 이어 민 대변인이 ‘골든타임 3분’, ‘천렵질’ 등 계혹해 막말이 쏟아지면서 황교안 대표의 경고가 무색하다 지적도 나오고 있다. 앞서 황 대표는 3일 국회에서 열린 최고위원회의 비공개회의에서 “항상 국민 눈높이에서 생각해 심사일언(深思一言), 즉 깊이 생각하고 말하라는 사자성어처럼 발언에 주의를 기울여 달라”고 말한 바 있다. /최상진기자 csj8453@sedaily.com [서울경제 바로가기] ▶ 텔레그램으로 서울경제 구독하기 | ▶ 네이버TV로 서울경제썸 구독하기 ▶ 네이버 메인에서 'No. 1 뉴스' 서울경제를 만나보세요 저작권자 ⓒ 서울경제, 무단 전재 및 재배포 금지",https://news.naver.com/main/read.nhn?mode=LSD&mid=sec&sid1=001&oid=011&aid=0003567328
17,손학규 '이준석 최고위원의 발언을 들으며',(서울=연합뉴스) 김주형 기자 = 바른미래당 손학규 대표(왼쪽 네번째)가 10일 오전 국회에서 열린 최고위원회의에서 이준석 최고위원(오른쪽)의 발언을 들으며 잠시 생각에 잠겨 있다. 2019.6.10 kjhpress@yna.co.kr ▶네이버 홈에서 [연합뉴스] 채널 구독하기 ▶뭐 하고 놀까? #흥 ▶쇼미더뉴스! 오늘 많이 본 뉴스영상,https://news.naver.com/main/read.nhn?mode=LSD&mid=sec&sid1=001&oid=001&aid=0010878335
18,발언하는 이준석,(서울=연합뉴스) 김주형 기자 = 바른미래당 이준석 최고위원이 10일 오전 국회에서 열린 최고위원회의에서 발언하고 있다. 2019.6.10 kjhpress@yna.co.kr ▶네이버 홈에서 [연합뉴스] 채널 구독하기 ▶뭐 하고 놀까? #흥 ▶쇼미더뉴스! 오늘 많이 본 뉴스영상,https://news.naver.com/main/read.nhn?mode=LSD&mid=sec&sid1=001&oid=001&aid=0010878334
19,"KT, KFC 매장에 '기가 에너지 매니저 프랜차이즈' 도입…""에너지 효율화""","(KT 제공) © 뉴스1 (서울=뉴스1) 김정현 기자 = KT와 KFC 코리아는 전국 190개 KFC 매장에 오는 7월까지 '기가 에너지 매니저(GiGA energy manager) 프랜차이즈' 솔루션을 도입, 에너지 효율화에 나선다고 10일 밝혔다. '기가 에너지 매니저 프랜차이즈'는 KT가 보유한 지능형 에너지 플랫폼 'KT-MEG(Micro Energy Grid)'을 기반으로 매장 내 에너지 및 시설을 실시간 관제·제어해 에너지를 절감하고 효율을 높이는 솔루션이다. 기가 에너지 매니저 프랜차이즈는 빅데이터와 인공지능(AI)을 활용해 에너지 소비 패턴을 분석하고 자동으로 제어한다. 분석된 내용을 바탕으로 에너지 사용량을 예측해 최적 에너지 가동 스케줄을 제안하는 등 실질적인 비용 절감도 가능하다. KT는 ""지난 1월 기가 에너지 매니저 프랜차이즈 서비스를 시범 운영한 KFC의 수도권 매장 3곳은 월 전기 사용량 14% 이상을 절감했다""며 ""냉·난방기와 간판을 자동제어해 업무 효율이 높아졌고, 특히 쇼케이스 및 냉장고 온도 관리로 식자재를 신선하게 관리할 수 있다""고 강조했다. 김영명 KT 에너지플랫폼사업단 전무는 ""국내 모든 업계, 매장에 적용 가능한 기가 에너지 매니저 프랜차이즈를 통해 에너지 절감, 효율화에 기여하겠다""며 ""또 지역 기반의 전통시장, 소상공인 대상으로도 적용 가능한 솔루션으로 확장해나갈 계획""이라고 말했다. Kris@news1.kr ▶ [ 크립토허브 ] ▶ [ 해피펫 ] ▶ 네이버 메인에서 [뉴스1] 구독하기! [© 뉴스1코리아( news1.kr ), 무단 전재 및 재배포 금지]",https://news.naver.com/main/read.nhn?mode=LSD&mid=sec&sid1=001&oid=421&aid=0004032106
20,"태국, 대기오염해법 中 따라하기?…대형 공기정화탑 설치 고려","""대기오염 환자로 엄청난 재정적 손실""…청정공기법 제정도 추진 중국 산시성 시안시에 설치된 대형 공기정화탑[연합뉴스 자료사진] (방콕=연합뉴스) 김남권 특파원 = 태국 정부가 도심 대기오염 문제 해결을 위해 중국에서 시범 운영 중인 것과 유사한 대형 공기정화탑을 설치하는 방안을 고려 중이라고 현지 언론이 보도했다. 10일 방콕포스트에 따르면 연립정부를 주도할 군부 정당 팔랑쁘라차랏의 콥삭 풋라쿤 대변인은 전날 언론에 도심 대기오염 해법 중 하나로 중국 북부 지역의 프로젝트를 본보기 삼아 '공기정화탑'을 건설하는 방안을 고려 중이라고 밝혔다. 콥삭 대변인은 이런 아이디어가 지난주 태국 마히돈 대학에서 열린 대기오염포럼에 참석한 차오쥔지 중국과학원 지구환경연구소장과 간담회에서 나왔다고 전했다. 중국과학원 지구환경연구소는 지난해 중국 산시(陝西)성 시안(西安)시에 높이가 60ｍ나 되는 공기정화탑을 설치해 시범 운영 중이며, 중국 당국은 대기오염이 심각한 날에 초미세먼지(PM -2.5) 평균농도가 15% 감소하는 효과가 있었다고 밝혔다. 콥삭 대변인은 ""팔랑쁘라차랏당은 대기오염 문제와 씨름하기 위해 공기 정화시스템이나 청정 기술과 같은 혁신을 사용하는데 관심이 많다""며 ""대기오염으로 인해 환자들이 발생하는데, 이는 결국 공공 보건 예산에 엄청난 부담이 되기 때문""이라고 설명했다. 미세먼지로 인해 뿌연 방콕 도심 하늘(자료사진)[AFP=연합뉴스] 신문이 인용한 카시콘 리서치 센터의 추산에 따르면 지난해 12월부터 올 1월까지 기승을 부린 초미세먼지로 방콕시가 입은 재정적 피해는 최소 26억 바트(약 982억원)에 달했다. 콥삭 대변인은 이와 함께 환경 전문가들이 '청정공기법'(Clean Air Act)을 입안 중이라고 밝혔다. 그는 ""유사한 법들이 미국과 영국, 싱가포르 그리고 말레이시아 등 여러 국가에서 제정됐다""면서 ""청정공기법이 만들어지면 태국의 대기 질을 향상하는 첫걸음이 될 것""이라고 강조했다. south@yna.co.kr ▶네이버 홈에서 [연합뉴스] 채널 구독하기 ▶뭐 하고 놀까? #흥 ▶쇼미더뉴스! 오늘 많이 본 뉴스영상",https://news.naver.com/main/read.nhn?mode=LSD&mid=sec&sid1=001&oid=001&aid=0010878333
21,손학규 '이준석 최고위원의 발언을 들으며',(서울=연합뉴스) 김주형 기자 = 바른미래당 손학규 대표(왼쪽 네번째)가 10일 오전 국회에서 열린 최고위원회의에서 이준석 최고위원(오른쪽)의 발언을 들으며 잠시 생각에 잠겨 있다. 2019.6.10 kjhpress@yna.co.kr ▶네이버 홈에서 [연합뉴스] 채널 구독하기 ▶뭐 하고 놀까? #흥 ▶쇼미더뉴스! 오늘 많이 본 뉴스영상,https://news.naver.com/main/read.nhn?mode=LSD&mid=sec&sid1=001&oid=001&aid=0010878332
22,어딘가 응시하는 손학규,(서울=연합뉴스) 김주형 기자 = 바른미래당 손학규 대표(가운데)가 10일 오전 국회에서 열린 최고위원회의에서 이준석 최고위원의 발언을 들으며 어딘가 응시하고 있다. 2019.6.10 kjhpress@yna.co.kr ▶네이버 홈에서 [연합뉴스] 채널 구독하기 ▶뭐 하고 놀까? #흥 ▶쇼미더뉴스! 오늘 많이 본 뉴스영상,https://news.naver.com/main/read.nhn?mode=LSD&mid=sec&sid1=001&oid=001&aid=0010878331
23,"美백악관 내부서 ""화웨이 제재 2년 늦춰달라""","[머니투데이 김수현 기자] [예산관리국 ""정부 납품기관 수 줄어 조달난 예상… 유예기간 2년→4년 늘려야""] 백악관 예산관리국이 중국 통신장비업체 화웨이에 대한 제재 시행을 2년 더 늦출 것을 요청했다. /사진=로이터 미국 백악관 예산관리국이 중국 통신장비업체 화웨이에 대한 제재 시행을 2년 더 늦출 것을 요청했다고 9일(현지시간) 월스트리트저널(WSJ)이 전했다. 보도에 따르면 러셀 보우트 백악관 예산관리국장 대행은 지난 4일 마이크 펜스 부통령과 낸시 펠로시 하원의장(민주당) 등 의원 9명에게 서한을 보내 이 같은 입장을 전달했다. 보우트 국장대행은 미 국방부의 예산관련 법안인 '2019회계연도 국방수권법안(NDAA)'에 따른 화웨이 제품 거래금지를 2년 더 유예해달라고 요청했다. 조달난이 우려된다는 이유에서다. 지난해 8월 의회를 통과한 NDAA는 미국 연방기관은 물론, 정부에 물건을 납품하는 미국 업체, 정부의 보조금을 받는 업체까지 화웨이, ZTE 등 중국 기술기업과 거래하는 것을 금지했다. 보우트 국장대행은 서한에서 ""NDAA 규정이 이행되면 연방정부에 납품하는 업체 수가 급격하게 줄고 화웨이 장비를 많이 사용하는 미국의 지방 기업들에 타격이 클 수 있다""고 했다. 그는 대상 기업들이 대응책을 마련할 수 있도록 법 시행의 유예기간을 현행 2년에서 4년으로 늘리자고 요청했다. 그러면서 ""정부는 국가안보를 위한 (화웨이 거래) 금지의 중요성을 알고 있지만 이 법안에 잠재적으로 영향을 받을 수 있는 많은 기업들이 상당한 우려를 표했다""고 밝혔다. 미 행정부는 국가 안보를 이유로 화웨이와 ZTE 등 중국 통신장비업체와의 거래를 제한하고 다른 나라들에도 '반(反)화웨이' 움직임에 동참할 것을 촉구해왔다. 도널드 트럼프 미 대통령은 NDAA와는 별개로 지난달 15일 화웨이 및 70개 계열사에 대해 미국 민간기업과의 거래를 제한하는 행정명령도 내렸다. WSJ는 백악관 예산관리국의 이 같은 움직임이 화웨이 제재의 어려움을 보여준다고 지적했다. WSJ는 ""NDAA의 시행 연기는 화웨이에 대한 보복 조치가 유예되는 것""이라며 ""이는 미국이 화웨이와의 거래 중단 명령을 신속하게 이행하는 데 어려움을 겪고 있다는 것을 보여준다""고 전했다. 김수현 기자 theksh01@mt.co.kr ▶이코노미스트들의 투자칼럼 ▶조 변호사의 가정상담소 ▶더 많은 기사 보러가기 <저작권자 ⓒ '돈이 보이는 리얼타임 뉴스' 머니투데이, 무단전재 및 재배포 금지>",https://news.naver.com/main/read.nhn?mode=LSD&mid=sec&sid1=001&oid=008&aid=0004230479
24,"홍남기, G20서 ""미중 무역갈등 위험요소…완화적 통화기조 유지"" ","홍남기, 일본서 열린 G20 재무장관회의 참석 ""무역갈등으로 신흥국 금융시장 변동성 확대"" 【서울=뉴시스】이영환 기자 = 홍남기 경제부총리 겸 기획재정부 장관이 9일 일본 후쿠오카 힐튼 씨 호크 호텔에서 열린 G20 재무장관회의에 참석해 각국 대표들과 기념촬영을 하고 있다. 2019.06.09. (사진=기획재정부 제공)  photo@newsis.com 【세종=뉴시스】박영주 기자 = 홍남기 경제부총리 겸 기획재정부 장관은 10일 ""미·중 무역갈등 여파가 신흥국 경제로 확산하지 않도록 정책 공조를 강화해야 한다""고 강조했다. 홍 부총리는 8~9일 일본 후쿠오카에서 개최된 주요 20개국(G20) 재무장관회의에 참석해 ""미-중 무역갈등이 관세·환율·기술 등 경제 전반의 분쟁으로 확산하고 있다""면서 이같이 말했다. 리가르드 국제통화기금(IMF) 총재는 ""세계경제가 최근 안정된 성장 흐름을 보이며 올해 하반기부터는 성장세 회복도 기대되나 무역갈등 심화, 신흥국 부채 증가에 따른 금융 취약성 증대, 지정학적 긴장 하방 위험이 확대되고 있다""고 평가했다. 이에 대해 홍 부총리는 ""최근 무역갈등, 부진한 성장 흐름의 영향으로 신흥국 금융시장의 변동성이 확대되고 있다""고 지적하며 ""완화적 통화기조와 투명한 통화정책의 운용이 필요하며 상황에 따라 적절한 시장 안정화 조치의 시행과 함께 글로벌 금융안전망도 강화해야 한다""고 설명했다. 또 ""규제·산업·노동 등 구조개혁을 통한 성장잠재력 제고가 필수적""이라며 ""취약계층 사회안전망 강화 등 포용성장 노력도 지속해야 한다""고 당부했다. 이번 회의는 오는 28~29일 일본 오사카에서 개최되는 G20 정상회의를 앞두고 열린 마지막 재무장관회의다. 주요 20개국과 초청국의 재무장관·중앙은행 총재들과 IMF·경제협력개발기구(OECD)·세계은행(WB)·금융안정위원회(FSB) 등 국제금융기구 대표들이 참석했다. 회의는 ▲개발금융 ▲세계경제전망 및 위험요인 대응 ▲국제조세 ▲글로벌 불균형 ▲고령화 ▲인프라 ▲금융이슈 등을 중점으로 논의가 진행됐다. 개발금융과 관련해 G20 회원국들은 저소득국 부채 취약성 해소를 위해 채무자·공적채권자·민간채권자의 공동 노력이 중요함을 재확인했다. 국가플랫폼이 개발 자금지원의 효과성을 높이고 민간 부문의 투자를 유인할 수 있다는 점도 공감했다. 홍 부총리는 실제 플랫폼의 구축과 운영을 평가하기 위해 파일럿 프로젝트(국가플랫폼 시범사업) 추진을 제안하면서 ""실제상황에서 직면할 수 있는 예상치 못한 문제는 경험의 축적을 통한 학습으로 해결돼야 한다""고 말했다. 고령화와 관련해서도 홍 부총리는 ""재정의 포용성 강화와 재정의 지속가능성 노력이 병행돼야 한다""고 강조했다. 그는 ""여성과 고령층의 경제활동 확대가 필수적""이라면서 ""고령층의 풍부한 지식·숙련도에 첨단 기술이 결합된다면 경제의 생산성이 크게 향상될 것""이라고 기대했다. 이어 우리나라를 예로 들며 ""AI(인공지능)·빅데이터 등 고령층 능력 보완 첨단 산업을 육성하는 동시에 평생학습체계 구축, 맞춤형 직업훈련 등 고령층 인적자본 투자를 확대하고 있다""고 소개했다. 아울러 G20 회원국들은 디지털 경제에서 조세문제 대응과 관련해 2020년까지 합의에 기반한 대응책 마련을 위해 지속 노력하기로 했다. 조세 투명성 개선을 위한 다자간 조세정보 자동교환 협정 가입 확대, 개발도상국의 조세역량 강화를 위한 기술적·재정적 지원 및 다자간 협력의 중요성도 논의했다. 글로벌 불균형의 경우 G20 차원의 정책대응을 통해 개선해 가야 한다는데 인식을 같이하며 경상수지 흑자·적자국 모두 거시경제·구조개혁 노력이 필요하다는데 공감대를 형성했다. 흑자국은 사회안전망 확대 등 재정의 적극적 역할과 무역장벽 제거, 과도한 기업저축 방지 등 투자를 확대하고 적자국은 연금제도 개혁 및 재정 건전성 제고와 노동·상품시장 개혁을 통한 경쟁력 강화 등을 통해 글로벌 불균형을 완화시키기로 했다. 또 G20 회원국들은 민간자본의 인프라 투자 활성화를 위해 ▲지속가능 성장 및 개발 ▲경제적 효용 ▲환경적 고려▲자연재해에 대한 회복력 ▲사회적 고려 ▲거버넌스 등 6대 원칙을 승인하고 정상회의 성과물로 제출하는 것에 합의했다. 금융혁신과 관련해서는 암호화 자산의 리스크 완화 노력을 지속하기로 하고 자금세탁방지와 반테러 금융 및 소비자·투자자 보호 측면에서의 암호화 자산 규제 방안을 논의했다. 금융혁신 혜택 실현을 위해 분산형 금융기술의 영향을 장기적으로 분석하기로 했다. G20 회원국은 공동선언문을 통해 ""올해 하반기부터 내년까지 완만한 회복세를 보일 것""이라며 ""G20 정책 방향으로 적극적이고 성장 친화적인 재정정책 운용과 구조개혁을 노력해야 한다""고 강조했다. 이들은 세계경제의 가장 중요한 위험요인으로 무역갈등 심화를 언급하며 G20 차원의 공동 노력을 환기했다. 또 고령화 위험요인에 대한 소극적 대응을 넘어 기회 요인으로 적극 활용해야 한다는데 인식을 같이하며 고령친화 산업 육성, 재정의 지속가능성 확보 등을 강조했다. gogogirl@newsis.com ▶ 네이버에서 뉴시스 채널 구독하기 ▶ 뉴시스 빅데이터 MSI 주가시세표 바로가기 <저작권자ⓒ 공감언론 뉴시스통신사. 무단전재-재배포 금지.>",https://news.naver.com/main/read.nhn?mode=LSD&mid=sec&sid1=001&oid=003&aid=0009276595
25,이준석 바라보는 손학규,(서울=연합뉴스) 김주형 기자 = 바른미래당 손학규 대표(가운데)가 10일 오전 국회에서 열린 최고위원회의에서 이준석 최고위원(오른쪽)의 발언을 들으며 바라보고 있다. 2019.6.10 kjhpress@yna.co.kr ▶네이버 홈에서 [연합뉴스] 채널 구독하기 ▶뭐 하고 놀까? #흥 ▶쇼미더뉴스! 오늘 많이 본 뉴스영상,https://news.naver.com/main/read.nhn?mode=LSD&mid=sec&sid1=001&oid=001&aid=0010878330
26,"'청소도 전문교육'…파주시, 신중년 청소대행전문가 양성","(파주=연합뉴스) 노승혁 기자 = 경기도 파주시는 50세 이상 퇴직 인력인 신중년을 대상으로 청소대행전문가 양성을 위한 취업 지원 프로그램 참여자 20명을 오는 20일까지 모집한다고 10일 밝혔다. 파주시청[연합뉴스 자료사진] 신중년 취업 지원 프로그램은 오는 24∼28일 파주스타디움 내에서 무료로 진행된다. 프로그램은 ▲ 청소개론 ▲ 안전관리 ▲ 친환경 세제와 청소 ▲ 바닥관리 ▲ 오피스청소 ▲ 건물 미화관리 ▲ 기본소양 교육 등 집단상담(15시간)과 실습(10시간)으로 이뤄진다. 특히 이번 프로그램에서는 실제 청소현장에서 겪게 될 각종 상황에서 교육생들이 신속하고 능동적으로 대처할 수 있도록 현장 실습도 이뤄져 새로운 직업에 대해 쉽게 적응할 수 있는 능력을 키워줄 수 있을 것으로 파주시는 기대했다. 파주시 거주 만 50∼70세 신중년 구직자는 방문(파주시일자리센터·운정행정복지센터·문산행정복지센터), 이메일(paju1919@korea.kr), 팩스(☎031-940-4529, 0894)로 신청할 수 있다. 자세한 내용은 파주시 홈페이지(www.paju.go.kr)에서 확인하거나 파주시 일자리정책과(☎031-940-5064)로 문의하면 된다. 파주시는 교육 종료 후 수료생들이 취업에 성공할 수 있도록 동행면접, 구인처 발굴 등 맞춤형 일자리 서비스를 적극 지원할 계획이다. nsh@yna.co.kr ▶네이버 홈에서 [연합뉴스] 채널 구독하기 ▶뭐 하고 놀까? #흥 ▶쇼미더뉴스! 오늘 많이 본 뉴스영상",https://news.naver.com/main/read.nhn?mode=LSD&mid=sec&sid1=001&oid=001&aid=0010878329
27,"헝가리 지휘자 피셰르 ""유람선 사고 추모공연 열겠다""","헝가리 지휘자 이반 피셰르, 유람선사고 추모[이반 피셰르 페이스북 캡처] (서울=연합뉴스) 박수윤 기자 = 헝가리 태생의 세계적인 지휘자 이반 피셰르(68)가 헝가리 유람선 침몰 희생자들을 애도하며 추모공연을 열겠다고 밝혔다. 피셰르는 8일(현지시간) 페이스북에 올린 영상 메시지에서 ""부다페스트 시민들과 헝가리 국민이 다뉴브강에서 발생한 끔찍한 사고에 깊은 슬픔을 느끼고 있다""며 이같이 말했다. 그는 ""'부다페스트 페스티벌 오케스트라'와 저는 오는 21일 한국을 찾는다. 희생된 분들을 기리는 추모 연주회를 열 것""이라고 말했다. 이어 유족들도 콘서트에 초대해 슬픔을 나누고 싶다고 덧붙였다. 피셰르는 베를린 필, 콘세르트허바우, 뉴욕 필, 보스턴 심포니, 바이에른 방송교향악단 등 세계 명문 오케스트라에서 객원 지휘자로 활약한 세계적 지휘자로, 1983년 부다페스트 페스티벌 오케스트라를 조직해 고국의 음악 발전을 위해 헌신하고 있다. 피셰르와 부다페스트 페스티벌 오케스트라는 오는 24일 서울 롯데콘서트홀, 25일 서울 예술의전당, 26일 부산문화회관, 27일 대구콘서트하우스, 28일 대전예술의전당 무대에 선다. 협연자로는 피아니스트 조성진이 함께한다. 공연기획사 빈체로 관계자는 ""닷새 공연의 레퍼토리에 모두 추모곡을 포함할 예정""이라고 전했다. clap@yna.co.kr ▶네이버 홈에서 [연합뉴스] 채널 구독하기 ▶뭐 하고 놀까? #흥 ▶쇼미더뉴스! 오늘 많이 본 뉴스영상",https://news.naver.com/main/read.nhn?mode=LSD&mid=sec&sid1=001&oid=001&aid=0010878328
28,최고위원회의에서 발언하는 오신환,(서울=연합뉴스) 김주형 기자 = 바른미래당 오신환 원내대표(오른쪽)가 10일 오전 국회에서 열린 최고위원회의에서 발언하고 있다. 왼쪽은 손학규 대표. 2019.6.10 kjhpress@yna.co.kr ▶네이버 홈에서 [연합뉴스] 채널 구독하기 ▶뭐 하고 놀까? #흥 ▶쇼미더뉴스! 오늘 많이 본 뉴스영상,https://news.naver.com/main/read.nhn?mode=LSD&mid=sec&sid1=001&oid=001&aid=0010878327
29,최고위원회의에서 발언하는 하태경,(서울=연합뉴스) 김주형 기자 = 바른미래당 하태경 최고위원(가운데)이 10일 오전 국회에서 열린 최고위원회의에서 발언하고 있다. 2019.6.10 kjhpress@yna.co.kr ▶네이버 홈에서 [연합뉴스] 채널 구독하기 ▶뭐 하고 놀까? #흥 ▶쇼미더뉴스! 오늘 많이 본 뉴스영상,https://news.naver.com/main/read.nhn?mode=LSD&mid=sec&sid1=001&oid=001&aid=0010878326
30,"빵도 배달시켜요…파리바게뜨·요기요, 할인 이벤트","【서울=뉴시스】손정빈 기자 = 파리바게뜨는 배달 서비스인 '파바 딜리버리'가 배달앱 '요기요'와 함께 '누구나 페스티벌' 할인 이벤트를 연다고 10일 밝혔다. 파리바게뜨는 14일까지 소비자가 요기요 앱을 통해 파리바게뜨 제품을 1만원 이상 주문하면 최대 7000원 혜택을 제공한다. 요기요 앱에서 '카페 디저트 쿠폰'(5000원 할인)을 내려받아 오후 2~7시 제품을 주문할 수 있으며, '요기요 슈퍼레드위크'(2000원 할인)까지 즉시 적용돼 최대 7000원 싸게 살 수 있다. 파리바게뜨가 지난해 9월 제빵 프랜차이즈 업계 최초로 시작한 '파바 딜리버리'는 소비자가 원하는 장소까지 케이크·빵·샌드위치·음료 등 파리바게뜨 주요 제품을 배달해주는 서비스다. SPC그룹 해피포인트 멤버십 앱인 '해피앱'의 해피오더 메뉴를 통해 이용할 수 있으며, 요기요와 같은 배달앱을 통해서도 이용할 수 있다. jb@newsis.com ▶ 네이버에서 뉴시스 채널 구독하기 ▶ 뉴시스 빅데이터 MSI 주가시세표 바로가기 <저작권자ⓒ 공감언론 뉴시스통신사. 무단전재-재배포 금지.>",https://news.naver.com/main/read.nhn?mode=LSD&mid=sec&sid1=001&oid=003&aid=0009276593
31,USA 2019 TONY AWARDS,"2019 Tony Awards Ruth Wilson attends the 73rd Annual Tony Awards at Radio City Music Halll in New York, New York, USA, 09 June 2019. The annual awards honor excellence in Broadway theatre.  EPA/PETER FOLEY ▶네이버 홈에서 [연합뉴스] 채널 구독하기 ▶뭐 하고 놀까? #흥 ▶쇼미더뉴스! 오늘 많이 본 뉴스영상",https://news.naver.com/main/read.nhn?mode=LSD&mid=sec&sid1=001&oid=091&aid=0007312810
32,최고위원회의에서 발언하는 오신환,(서울=연합뉴스) 김주형 기자 = 바른미래당 오신환 원내대표(오른쪽)가 10일 오전 국회에서 열린 최고위원회의에서 발언하고 있다. 2019.6.10 kjhpress@yna.co.kr ▶네이버 홈에서 [연합뉴스] 채널 구독하기 ▶뭐 하고 놀까? #흥 ▶쇼미더뉴스! 오늘 많이 본 뉴스영상,https://news.naver.com/main/read.nhn?mode=LSD&mid=sec&sid1=001&oid=001&aid=0010878325
33,USA 2019 TONY AWARDS,"2019 Tony Awards Danai Gurira attends the 73rd Annual Tony Awards at Radio City Music Halll in New York, New York, USA, 09 June 2019. The annual awards honor excellence in Broadway theatre.  EPA/PETER FOLEY ▶네이버 홈에서 [연합뉴스] 채널 구독하기 ▶뭐 하고 놀까? #흥 ▶쇼미더뉴스! 오늘 많이 본 뉴스영상",https://news.naver.com/main/read.nhn?mode=LSD&mid=sec&sid1=001&oid=091&aid=0007312809
34,"경기도 통상촉진단, 베트남서 2271만달러 수출상담 실적","경기도청사 © 뉴스1 (경기=뉴스1) 진현권 기자 = 경기도는 지난 3일부터 7일까지 베트남 호치민과 하노이에 ‘환경산업 통상촉진단’을 파견해 2271만 달러(73건) 규모의 수출상담 실적을 거뒀다고 10일 밝혔다. 통상촉진단은 파견기간 중 ‘2019 한국-베트남 도시광산산업 컨퍼런스’ 개최를 통해 베트남 현지기업 및 연구기관과 환경 관련 산·학·관 연계의 장을 마련하고, 호치민 ‘민흥산업단지’에 입주한 한국기업과의 간담회를 통해 도내 우수환경기업의 기술과 제품을 접목하는 방안을 모색하는 등 도내 우수 환경기업의 베트남 현지 진출의 초석을 마련하는 성과를 거뒀다는 평가다. 통상촉진단은 Δ㈜한일이에스티 Δ㈜우양이엔지 Δ㈜에이스엔 Δ㈜이피엠 Δ㈜이오니아이엔티 Δ원진테크 Δ유노빅스이엔씨㈜ Δ㈜케이이티 등 도내 8개 우수 환경기업으로 구성돼 지난 3일 베트남에 파견됐다. 도는 도내 환경기업들의 수출 상담을 돕기 위해 베트남 현지 기업과의 1:1 상담 주선, 시장조사, 통역 등을 지원했다. 그 결과, 통상촉진단으로 참여한 8개 기업은 지난 3일부터 7일까지 진행된 수출상담을 통해 총 73건, 2271만 달러 규모의 수출상담 실적을 거뒀다. 김포시에 위치한 케이이티는 독자 개발한 정수설비 플랜트 관련 신기술의 우수성을 인정받아 하노이 소재 산업용 정수 및 폐수처리 시스템 전문기업인 S사와 연간 360만달러 상당의 수출협약을 체결했다. 케이이티는 S사와 베트남 현지에 특수목적합작법인(SPC)를 설립, 현지 제품 생산을 통해 베트남은 물론 라오스와 캄보디아로의 수출을 공동으로 추진하게 됐다. 폐플라스틱 자동선별기 제조업체인 이오니아이엔티는 하노이에 위치한 관련 기계 전문업체인 H사와 30종류 이상의 플라스틱 자동선별기 공동개발 및 생산 등의 내용을 담은 23만달러 규모의 업무협약을 체결하는 성과를 거뒀다. 통상촉진단은 지난 5일 ‘2019 한국-베트남 도시광산산업 컨퍼런스’를 개최, 베트남 현지기업 및 연구기관과 소통하는 산·학·관 연계의 장을 마련했다. 지난 7일에는 호치민 인근 ‘민흥산업단지’에 입주해 있는 한국기업과의 간담회를 통해 오폐수 및 폐기물 처리 등과 관련한 애로사항을 청취하고, 도내 우수환경기업의 기술과 제품을 접목하는 방안 등을 모색하기도 했다. 김경섭 도 환경산업협력팀장은 “최근 베트남의 급격한 산업화로 환경오염문제가 심각해지면서 환경산업 수요가 급증하고 있다는 사실을 확인할 수 있었다”며 “앞으로도 베트남과의 지속적인 교류를 통해 도내 우수 환경기업이 베트남 현지에 진출할 수 있도록 최선을 다하겠다”고 말했다. 한편, 도는 오는 9월 ‘경기도 환경산업 통상촉진단’을 중국에 파견할 예정이다. jhk102010@news1.kr ▶ [ 크립토허브 ] ▶ [ 해피펫 ] ▶ 네이버 메인에서 [뉴스1] 구독하기! [© 뉴스1코리아( news1.kr ), 무단 전재 및 재배포 금지]",https://news.naver.com/main/read.nhn?mode=LSD&mid=sec&sid1=001&oid=421&aid=0004032105
35,USA 2019 TONY AWARDS,"2019 Tony Awards Michael Kors and Emily Ratajkowski   attend the 73rd Annual Tony Awards at Radio City Music Halll in New York, New York, USA, 09 June 2019. The annual awards honor excellence in Broadway theatre.  EPA/PETER FOLEY ▶네이버 홈에서 [연합뉴스] 채널 구독하기 ▶뭐 하고 놀까? #흥 ▶쇼미더뉴스! 오늘 많이 본 뉴스영상",https://news.naver.com/main/read.nhn?mode=LSD&mid=sec&sid1=001&oid=091&aid=0007312808
36,"""비타민D, 암 환자 사망 위험 13%↓""","비타민D가 암 환자의 사망 위험을 낮추는 데 도움이 된다는 연구결과가 나왔습니다. 미국 미시간 주립대학 의대 내과 전문의 타렉 하이칼 교수 연구팀이 암 환자 총 7만 9천55명(평균연령 68세)이 대상이 된 총 10건의 임상시험(무작위, 대조군 설정) 자료를 종합 분석한 결과 이 같은 사실이 밝혀졌다고 메디컬 뉴스 투데이가 8일 보도했습니다. 최소한 4년 이상 진행된 추적 조사 결과, 최소한 3년 이상 비타민D 보충제를 복용한 그룹이 같은 기간 위약이 투여된 그룹보다 암 사망률이 13% 낮은 것으로 나타났다고 연구팀은 밝혔습니다. 그러나 비타민D와 암 예방 사이에는 별 연관성이 없는 것으로 분석됐습니다. 비타민D가 암 환자의 생존 기간을 연장한다면 그 기간이 몇 년 정도인지, 그 기저 메커니즘은 무엇인지 등 여러 가지 의문들이 추가 연구를 통해 규명돼야 하겠지만 암 환자를 진료하는 의사들이라면 이 결과만으로도 비타민D 보충제를 처방할 만 하다고 연구팀은 지적했습니다. 비타민D는 뼈 형성에 사용되는 칼슘 흡수를 도와 뼈 건강에 필요한 만큼의 혈중 칼슘 수치가 유지되게 합니다. 비타민D는 이 밖에도 세포의 분화, 분열, 사멸을 관장하는 유전자들에 영향을 미쳐 세포 성장, 면역기능, 염증 조절을 돕는 것으로 알려지고 있습니다. 따라서 비타민D가 골다공증, 심혈관질환, 당뇨병, 암 등 기타 질병 예방에 효과가 있는지를 살펴보기 위한 연구들도 다양하게 진행되고 있습니다. 비타민D는 이처럼 효용 가능성이 적지 않은 데다 부작용도 거의 없다는 이점이 있다고 연구팀은 강조했습니다. 이 연구결과는 미국 임상종양학회 학술지 '임상종양학 저널'(Journal of Clinical Oncology) 최신호에 발표됐습니다. (사진=게티이미지코리아) 권태훈 기자(rhorse@sbs.co.kr) ▶[하이라이트 영상] 2019 FIFA U-20 월드컵 ▶[인-잇] 사람과 생각을 잇다 ▶네이버 메인에서 SBS뉴스 구독하기 ※ ⓒ SBS & SBS Digital News Lab. : 무단복제 및 재배포 금지",https://news.naver.com/main/read.nhn?mode=LSD&mid=sec&sid1=001&oid=055&aid=0000737333
37,"KT&G, '대단한 단편영화제'…우수 단편영화 찾는다","[머니투데이 세종=권혜민 기자] [이달 28일까지 접수…예선심사 거쳐 9월 영화제 상영] KT&G가 우수 단편영화 발굴 프로그램 '제13회 대단한 단편영화제'의 출품작을 오는 28일까지 공모한다. 사진은 '제13회 대단한 단편영화제' 공모 포스터./사진제공=KT&G KT&G가 오는 28일까지 우수 단편영화 발굴·지원 프로그램 '대단한 단편영화제' 출품작을 공모한다고 10일 밝혔다. 올해로 13회째를 맞는 '대단한 단편영화제'는 KT&G 상상마당이 국내 유수의 단편영화를 발굴하고 지원하는 문화공헌 프로그램이다. 2007년부터 매년 열려 국내 독립영화 생태계의 발전을 돕고 있다. 이번 공모는 지난해 6월1일 이후 새로 제작된 20분 미만의 단편영화를 대상으로 한다. 참가 희망자는 KT&G 상상마당 홈페이지를 통해 출품하면 된다. 예선심사를 거쳐 영화제 상영작이 선정된다. 영화제는 오는 9월4일부터 7일간 'KT&G 상상마당 시네마'에서 개최된다. 상영 기간 중 본선 심사를 거쳐 KT&G 금관상·은관상 등 단편경쟁부문 4작품과 관객상 3작품을 선정할 예정이다. 상금 총 1300만 원이 주어진다. 지효석 KT&G 문화공헌부장은 ""'대단한 단편영화제'는 독립영화계의 저변 확대를 위해 우수한 작품을 발굴하고 가능성 있는 영화인을 지원하고 있다""며 ""앞으로도 KT&G 상상마당에서 영화 발굴·배급·상영 등을 통해 독립영화계의 발전을 위해 노력하겠다""고 밝혔다. 한편 KT&G 상상마당은 KT&G가 메세나 활동의 일환으로 운영하는 복합 문화예술공간이다. 현재 매년 3000여 개의 문화예술 프로그램을 운영해 180만명이 찾는 문화메카로 성장했다. 2007년 '상상마당 홍대'를 시작으로 논산과 춘천에서 잇따라 개관했고, 내년 중 부산 지역에도 들어선다. 세종=권혜민 기자 aevin54@mt.co.kr ▶이코노미스트들의 투자칼럼 ▶조 변호사의 가정상담소 ▶더 많은 기사 보러가기 <저작권자 ⓒ '돈이 보이는 리얼타임 뉴스' 머니투데이, 무단전재 및 재배포 금지>",https://news.naver.com/main/read.nhn?mode=LSD&mid=sec&sid1=001&oid=008&aid=0004230478
38,발언하는 손학규 대표,【서울=뉴시스】 박영태 기자 = 10일 오전 서울 여의도 국회에서 열린 바른미래당 최고위원회의에서 손학규 대표가 발언하고 있다. 2019.06.10. since1999@newsis.com <저작권자ⓒ 공감언론 뉴시스통신사. 무단전재-재배포 금지.>,https://news.naver.com/main/read.nhn?mode=LSD&mid=sec&sid1=001&oid=003&aid=0009276594
39,"반도건설, 509억원 규모 산단 조성공사 첫 수주…사업 다각화 잰걸음","50만㎡ 규모 부산·진해경제자유구역 명동지구 산업단지 조성공사 수주 1조1000억원 규모 김해대동첨단산업단지조성사업 수주도 임박 부산·진해경제자유구역청 명동지구 산업단지 조감도 [사진=반도건설] 반도건설이 최근 마수걸이 산업단지 조성사업을 수주하며, 사업다각화에 박차를 가하고 있다. 반도건설은 최근 지사융합산업단지개발(시행)과 부산·진해경제자유구역 명동지구 내 '첨단산업 및 지식기반 산업기지 조성사업'의 본계약을 체결했다고 10일 밝혔다. 수주금액은 509억원이다. 명동지구 산업단지 조성사업은 총 면적 50만6238㎡ 규모의 원전부품 소재단지 육성을 위한 특화단지를 조성하고, 원전부품 연구소, 전시관 등 원전부품 클러스트를 조성하는 프로젝트다. 반도건설은 본계약 체결을 앞두고 있는 '김해대동첨단산업단지조성사업'에도 참여하고 있다. 총 사업비가 1조1000억원으로 경남 김해시에서 추진한 산업단지 중 역대 최대 규모인 만큼 관련 업계는 수주 컨소시엄 향방에 주목하고 있다. 반도건설 관계자는 ""이번 사업 수주는 그 동안 동탄2신도시 5-2공구, 창원 가포지구 택지개발 사업 등 다양한 민자사업 및 토목사업에 참여해 쌓아온 시공능력과 기술력을 인정받은 결과""라면서 ""특히 지난 1월 정부가 총사업비 24조1000억원 규모의 23개 사업에 대해 예비타당성조사를 면제하는 '국가균형발전 프로젝트'를 신속하게 추진하기로 함에 따라 당사도 해당 공공사업 수주에 적극 뛰어들 계획""이라고 말했다. [디지털뉴스국 조성신 기자] ▶네이버에서 '매일경제' 뉴스 구독하고 경품 받아가세요 ▶뉴스레터 '매콤달콤' 구독 ▶무궁무진한 프리미엄 읽을거리 [ⓒ 매일경제 & mk.co.kr, 무단전재 및 재배포 금지]",https://news.naver.com/main/read.nhn?mode=LSD&mid=sec&sid1=001&oid=009&aid=0004370754
40,"지중해 크루즈여행하던 60대 한국인 여성, 실종…수색 중","크루즈선 노르웨이지언 에픽. EPA 연합뉴스 유럽의 지중해에서 크루즈 여행을 하던 한국인 여성이 새벽 시간 바람을 쐬러 나간다며 나갔다가 배 바깥으로 떨어져 실종됐다. 9일 주(駐) 바르셀로나 대한민국 총영사관과 AP통신 등 외신에 따르면, 프랑스 남부의 칸에서 스페인 마요르카 섬으로 향하던 대형 크루즈 선 ‘노르웨이지언 에픽’(Norwegian Epic)호에 탑승하고 있던 63세 한국인 여성이 지난 8일 오전 배 밖으로 떨어져 실종됐다. 크루즈 선박의 선사인 ‘노르웨이지언 크루즈 라인’ 측은 9일 성명을 내고 “8일 이른 아침 배가 칸에서 마요르카로 향하던 중 한 성인 여성이 배에서 바깥으로 떨어졌다는 신고가 접수됐다”면서 “즉각 수색·구조작업이 시작됐지만 슬프게도 실종된 승객은 발견되지 않았다”고 밝혔다고 미국 ABC방송이 전했다. 이 선사는 미국 플로리다주(州)) 마이애미에 본사를 두고 있다. 연합뉴스에 따르면 실종 신고를 접수한 뒤 크루즈 선박 측과 스페인 팔마 데 마요르카의 해난구조대가 수색에 나섰지만, 이 실종자는 아직 발견되지 않고 있다. ABC는 이 여성이 남편과 함께 여행 중이었으며, 8일 새벽 1시쯤 바람을 쐬러 나가겠다면서 객실을 나선 뒤 돌아오지 않았고, 남편은 아침에 일어나보니 아내가 없어 신고했다고 전했다. 크루즈 선박 측은 남편의 신고 이후 즉각 배 안의 폐쇄회로(CC)TV 영상들을 살펴 이 여성이 배 바깥으로 떨어지는 모습을 확인했다고 한다. 선박 측은 바로 실종 추정 해역으로 돌아가 수색했지만 실종자는 발견되지 않았다. 팔마 데 마요르카 해난구조대는 8일 오전 8시 30분쯤 실종 신고를 접수한 뒤 즉각 2대의 헬리콥터와 1대의 순찰항공기, 1대의 구명정을 실종 추정 해역에 보내 수색을 벌였지만 성과는 없었다. 주 바르셀로나 한국 총영사관 관계자는 “바르셀로나에 정박한 크루즈선을 방문해 사고 경위를 파악했으며 우리 해양경찰청을 통해 스페인 당국에 공식적으로 수색협조 요청을 했다”면서 “현재 스페인 해난구조대가 계속 수색작업을 벌이고 있다”고 밝혔다. 크루즈선 노르웨이지언 에픽호는 사흘 전쯤 이탈리아 로마를 출항, 피렌체, 칸, 팔마 데 마요르카, 바르셀로나 등을 거쳐 다시 로마로 돌아가는 일정인 것으로 알려졌다. 이 배는 총톤수 15만 5873톤의 대형 크루즈선으로 최대 4100명의 승객을 수용하고 승무원만 1700여 명에 달한다. 온라인뉴스팀 sportskyunghyang@kyunghyang.com ▶ [스포츠경향 인기 무료만화 보기] ▶ [지금 옆사람이 보고있는 뉴스] ©스포츠경향( sports.khan.co.kr ), 무단전재 및 재배포 금지",https://news.naver.com/main/read.nhn?mode=LSD&mid=sec&sid1=001&oid=144&aid=0000615058
41,"건국대병원 박경식 교수, 대한내시경복강경외과학회 국제학술대회서 강연 펼쳐","건국대병원 외과 박경식 교수가 4월 25일부터 27일까지 서울 워커힐호텔에서 열린 대한내시경복강경외과학회 국제학술대회에서 강연을 펼쳤다. 이번 국제학술대회의 주제는 ‘부신 종양 절제술을 시행할 때, 적합한 수술 방법 선택의 근거 마련(Evidences of Various Adrenalectomy Procedures: Which is the Most Suitable Approach for Me)으로 다양한 강의와 토론을 통해 최신지견을 공유하는 장이었다. 건국대학교병원 박경식 교수 박경식 교수는 26일 ‘로봇 복강경 부신절제술을 이용한 어려운 수술 사례( Difficult Cases for Laparoscopic/Robotic Transperitoneal Adrenalectomy)’라는 주제로 강연을 펼쳤다. 한편, 박경식 교수는 최근 로봇수술 100례를 달성한 바 있다. 박경식 교수는 갑상선과 부신 종양의 로봇수술로 종양의 근치적 수술 뿐 기능은 보존하고 흉터는 최소화하는 수술법으로 우수한 치료 성과를 냈다. 김문석 기자 kmseok@kyunghyang.com ▶ [스포츠경향 인기 무료만화 보기] ▶ [지금 옆사람이 보고있는 뉴스] ©스포츠경향( sports.khan.co.kr ), 무단전재 및 재배포 금지",https://news.naver.com/main/read.nhn?mode=LSD&mid=sec&sid1=001&oid=144&aid=0000615057
42,"한투운용, 한국투자벨기에코어오피스부동산펀드2호 출시…""14일까지 판매""","[아시아경제 문채석 기자]한국투자신탁운용은 벨기에 정부기관인 건물관리청 본청에 투자하는 '한국투자벨기에코어오피스부동산투자신탁2호(파생형)'(한국투자벨기에코어오피스부동산펀드2호)를 출시한다고 10일 밝혔다. 한국투자벨기에코어오피스부동산펀드2호는 지난해 3월에 출시했던 벨기에 외무부 청사 투자펀드 '한국투자벨기에코어오피스부동산투자신탁'의 후속격으로 출시됐다. 한국투자벨기에코어오피스부동산펀드2호는 벨기에 정부 건물관리청 본청 건물의 장기임차권에 투자한다. 장기임차권이란 부동산을 소유자처럼 사용하고 수익을 얻을 수 있는 권리다. 제3자 대항력이 있고 법적 보호를 받을 수 있다. 회사 측에 따르면 부동산을 직접 매입하는 경우 12.5%의 취득세를 납부해야 하지만 장기임차권에 투자하면 취득세 2%만 내면 된다. 건물은 정부기관 및 공공기관이 밀집한 역사적 중심지인 'Centre 지역'과 로펌 및 컨설팅회사가 밀집한 'Louise 지역' 사이에 위치하고 있다는 설명이다. 브뤼셀 주요 거점을 연결하는 내부순환도로에 인접해 있어 접근성이 우수하다고 회사 측은 보고 있다. 현금흐름도 안정적이라는 설명이다. 오는 2030년 말까지 벨기에 정부기관인 건물관리청이 100% 임차할 예정이라 안정적인 배당 수익을 기록할 것으로 예상된다. 매년 벨기에 물가지수인 'Health Index'에 따라 임대료가 인상되어 배당 수익 상승도 기대할 수 있다는 점도 매력적이다. 'Health Index'는 소비자물가(CPI)에서 주류와 담배, LPG 등 일부 항목을 제외한 물가지수다. 최근 5년 연평균 상승률은 약 1.95%다. 한국투자신탁운용 관계자는 ""벨기에 브뤼쉘은 벨기에 정부, 유럽연합(EU), 국제기구 등 공공임차에 대한 수요가 많아 안정적인 임대 수익을 창출할 수 있다""며 ""벨기에 오피스 투자는 임대료가 물가상승률에 연동돼 오르는 장점이 있어 임대료의 지속적인 상승도 기대할 수 있다""고 말했다. 펀드는 한국투자증권, KB국민은행, 우리은행을 통해 가입할 수 있다. 한국투자증권, KB국민은행은 최소 500만원부터 가입할 수 있다. 이날부터 14일까지 판매한다. 우리은행에선 최소 1000만원부터 가입이 가능하며 내일 11일부터 13일까지 판매할 예정이다. 문채석 기자 chaeso@asiae.co.kr ▶ 네이버에서 아시아경제를 쉽게 만나보세요 ▶ 경제 감각을 키우고 싶다면? ▶ 재미와 지식이 가득한 '과학을읽다' <ⓒ경제를 보는 눈, 세계를 보는 창 아시아경제 무단전재 배포금지>",https://news.naver.com/main/read.nhn?mode=LSD&mid=sec&sid1=001&oid=277&aid=0004481022
43,"KT, 골드번호 5,000여개 추첨","11~24일 홈페이지, 매장 등 응모 28일 당첨자 발표 [서울경제] KT(030200) 가 ‘골드번호’라 불리는 외우기 쉬운 휴대전화 뒤 네 자리 번호 5,000여개 추첨 배정을 진행한다고 10일 밝혔다. 이번에 공개되는 번호는 AAAA형(1111, 2222 등), ABCD형(1234, 5678 등), 특정의미(1004, 4989, 2580 등) 외 155개 유형 5,000여개다. 골드번호 응모는 오는 11일부터 24일까지 KT 홈페이지와 모바일 고객센터 애플리케이션에서 할 수 있다. 가까운 KT 대리점이나 플라자를 방문해 신청할 수도 있다. KT 고객이 아니어도 응모가 가능하다. 당첨자는 28일 문자로 개별 안내한다. 당첨자는 오는 7월 18일까지 가까운 대리점에 방문해 개통 또는 번호변경을 통해 골드번호를 사용하면 된다. /임진혁기자 liberal@sedaily.com [서울경제 바로가기] ▶ 텔레그램으로 서울경제 구독하기 | ▶ 네이버TV로 서울경제썸 구독하기 ▶ 네이버 메인에서 'No. 1 뉴스' 서울경제를 만나보세요 저작권자 ⓒ 서울경제, 무단 전재 및 재배포 금지",https://news.naver.com/main/read.nhn?mode=LSD&mid=sec&sid1=001&oid=011&aid=0003567327
44,"카페24, 올리브영 글로벌몰 구축 지원","[이데일리 이후섭 기자] 카페24(042000)는 국내 헬스앤뷰티 스토어 올리브영이 론칭한 글로벌몰에 솔루션을 제공했다고 10일 밝혔다. 올리브영은 카페24 솔루션으로 글로벌 소비자들을 대상으로 한 K뷰티 역직구 플랫폼을 구축했다. 해외 신용카드, 유니온페이 등 해외 결제 서비스를 적용해 해외 소비자들이 쉽고 편리하게 구매할 수 있는 시스템을 갖췄다. 또 카페24는 글로벌 마케팅, 해외 번역, 해외 CS 서비스 등의 글로벌 비즈니스 서비스도 제공했다. 이재석 카페24 대표는 “이번 올리브영 글로벌몰 론칭을 통해 해외시장 진출이 보다 활성화될 것으로 기대한다”며 “카페24는 상품 경쟁력과 브랜드 경쟁력을 갖춘 기업들이 글로벌 이커머스 시장에 쉽게 진출하고, 빠르게 성장할 수 있도록 솔루션과 비즈니스 서비스를 끊임없이 강화해 나갈 것”이라고 전했다. 이후섭 (dlgntjq@edaily.co.kr) 당첨자 2222명! 에어팟2, 갤럭시워치 [쏩니다▶] 한반도, 혼돈과 위기를 넘어서 [이데일리 전략포럼▶] ＜ⓒ종합 경제정보 미디어 이데일리 - 무단전재 & 재배포 금지＞",https://news.naver.com/main/read.nhn?mode=LSD&mid=sec&sid1=001&oid=018&aid=0004398256
45,"수능시험 응시료 납부 간편해진다...계좌이체, 신용카드 결제 가능","권익위, 한국교육과정평가원에 개선 권고 2019학년도 대학수학능력시험일인 15일 오전 서울 강남구 개포고등학교에서 수험생들이 시험 준비를 하고 있다./송은석기자 [서울경제] 수능시험의 응시료 납부와 환불 신청방식이 기존 현금 외에도 계좌이체, 신용카드 결제 등으로 간편해진다. 국민권익위원회는 수능시험 납부 방식을 다양화할 것을 한국교육과정평가원에 권고했다고 10일 밝혔다. 권익위가 마련한 권고안은 수능 응시료 납부 방식을 기존 현금 외에도 스쿨뱅킹(계좌 자동이체), 가상계좌 입금, 신용카드 결제 등으로 다양화했다. 또한 응시료 환불신청도 원서접수처 방문 외에 인터넷이나 우편 등으로 가능하게 하는 내용도 포함했다. 권익위 관계자는 “수험생이 수능시험 응시원서를 제출할 때 응시료를 현금으로만 내게 해 보관 중 분실·우려가 있었다”며 권고안을 낸 배경을 설명했다. 이에 더해 시험에 응시하지 않은 수험생이 응시료를 환불받으려면 원서접수처에 재방문해 신청해야 해 불편하다는 민원도 꾸준히 나왔다. 수능시험 응시료는 4과목 이하 3만7,000천원, 5개 과목은 4만 2,000원, 6개 과목은 4만7,000원이다. /박우인기자 wipark@sedaily.com [서울경제 바로가기] ▶ 텔레그램으로 서울경제 구독하기 | ▶ 네이버TV로 서울경제썸 구독하기 ▶ 네이버 메인에서 'No. 1 뉴스' 서울경제를 만나보세요 저작권자 ⓒ 서울경제, 무단 전재 및 재배포 금지",https://news.naver.com/main/read.nhn?mode=LSD&mid=sec&sid1=001&oid=011&aid=0003567326
46,"빙과 성수기 시작…해태, 가성비 높인 ‘부라보 소프트콘’ 출시","-우유 함량 40%대로 높여…가격 그대로 -“고급 디저트 성장세 겨냥해 소프트콘 도전” ‘부라보 소프트콘’ 제품 이미지 [제공=해태제과] [헤럴드경제=이혜미 기자] 해태제과는 여름 빙과시장을 겨냥해 우유 함량을 40% 대로 높인 ‘부라보 소프트콘’을 출시한다고 10일 밝혔다. 이는 빙과업계 매출은 매년 줄고있는 데 반해, 고급 아이스크림 등 디저트 시장은 성장하고 있는 데 따른 것이다. 해태제과 관계자는 “대량 생산의 한계를 극복하면서 강점은 살려 시중의 3분의1 가격으로 가성비 높은 제품을 내놓을 수 있게 됐다”고 설명했다. 소프트 아이스크림은 우유 함량이 40% 수준이다. 공기 층을 줄이고 그 속에 우유가 더 스며들도록 해 우유 맛이 고소하고 진하다. 디저트 카페매장에서 가장 인기있는 메뉴 중 하나로 꼽힌다. 다소 비싼 가격에도 가치소비를 중시하는 젊은 소비층을 끌어모으고 있다. 빙과업계 매출은 수년 째 줄고 있지만 이들 매장은 매년 성장하는 추세라는 점이 이를 입증한다. 빙과 4사 매출은 2016년 1조7000억원에서 지난해 1조4000억원 아래로 떨어졌다. 반면 2016년 12개에 불과했던 디저트 카페 전문점은 지난해 112개로 열배 가까이 증가했다. 해태제과는 아이스크림 시장이 여전히 성장하고 있는 만큼, 맛과 가격에서 경쟁력을 갖추는 것을 관건으로 봤다. 부라보 소프트콘은 이러한 시장 트렌드에 맞춰 소프트 아이스크림의 강점을 콘에 접목한 제품이다. 국내산 최고 등급인 1A급 우유 함량을 40%로 배 이상 높여 진한 우유맛을 살렸다. 유지방도 15% 가량 높여 풍미를 더했다. 공기 층은 소프트 아이스크림 수준에 맞춰 기존 제품보다 절반 가량 낮췄다. 냉기를 잡아두는 공기를 줄여 상온에서 최대한 빨리 부드러운 식감이 살아나도록 한 것이다. 소비자가격은 기존 부라보콘과 동일한 1500원이다. 디저트 카페에서 판매하는 소프트 아이스크림 대비 60~70% 저렴한 편이라고 해태제과는 강조했다. 해태제과 관계자는 “부라보콘의 기술력으로 프리미엄 아이스크림 시장까지 대중성을 확대한 새로운 시도”라며 “가치소비와 가성비 요소를 충족한 제품이라는 점에서 올 여름 성수기에 인기를 끌 것으로 기대된다”고 말했다. ham@heraldcorp.com ▶네이버에서 헤럴드경제 채널 구독하기 ▶미리준비하는 여름 최대 75%할인, 헤럴드 리얼라이프 ▶헤럴드경제 사이트 바로가기 - Copyrights ⓒ 헤럴드경제 & heraldbiz.com, 무단 전재 및 재배포 금지 -",https://news.naver.com/main/read.nhn?mode=LSD&mid=sec&sid1=001&oid=016&aid=0001544443
47,"유니테스트, 특별관계자 지분변동","유니테스트는 특별관계자인 BlackRockAdvisors(UK) Limited등의 지분율이 6.11%에서 5.09%로 변동했다고 10일 공시했다. 이번 지분 변동은 경영참가목적이 없는 단순 투자목적으로 장내에서 발행회사의 주식 매도에 의한 것이다. 한편, 유니테스트의 09시 51분 현재주가는 12,300원으로 직전 거래일 대비 150원(-1.2%) 하락이며, 거래량은 51,487주이다. 공시 전문으로 이동 * 주식등의 대량보유상황보고서는 특수관계인을 포함한 개인이나 법인이 상장회사 지분을 5%이상 보유하게 될 경우에 5일 이내 발표하는 지분공시다. 일명 ""5%룰""이라고도 불리며, 주식을 추가로 매입하거나, 매각해 1% 이상의 지분변동이 생겨도 5일 이내에 공시해야 한다. 스톡봇 기자 ※ 이 기사는 국민일보와 엠로보가 개발한 증권뉴스 전용 인공지능 로봇 ‘스톡봇’이 금융감독원 전자공시시스템(DART)과 한국거래소(KRX) 데이터를 토대로 작성한 것입니다. 지속적인 업그레이드를 통해 더욱 풍부하고 정확한 내용을 담아 가겠습니다. [국민일보 채널 구독하고 5000원 상품권 받기] [취향저격 뉴스는 여기] [의뢰하세요 취재대행소 왱] GoodNews paper ⓒ 국민일보(www.kmib.co.kr) , 무단전재 및 재배포금지",https://news.naver.com/main/read.nhn?mode=LSD&mid=sec&sid1=001&oid=005&aid=0001206219
48,"우리넷, 전일 대비 약 6% 상승한 9,520원","[한국경제TV 라이온봇 기자] [그림 1] 최근 3개월 간 주가 추세 및 기간별 수익률 우리넷은 6월 10일 9시 52분 전일 대비 약 6% 상승한 9,520원에 거래되고 있다. 우리넷은 코스닥 상장 기업으로 통신장비 업종에 속해 있다. 시가총액은 569억원으로 코스닥 상장기업 중 969위에 위치 해 있다. [종목 성향 진단] [그림 2] 종목 성향 진단 우리넷의 투자 스타일은 성장주에 가깝다. 주가 고평가 우려가 공존하지만 높은 성장성이 기대되는 기업이다. 주가 모멘텀은 평범한 수준이었다. 최근 1개월 수익률이 4.08%, 3개월 수익률은 18.1%, 6개월 수익률은 47.53%를 기록했다. 우리넷 종목에 대한 투자자의 관심도는 높은 편에 속한다. [투자 점수 진단] [그림 3] 투자 점수 진단 우리넷은 어느 측면에서 투자 매력도가 높은 종목일까? AI 인공지능 종목 분석 시스템을 이용해 성장성, 수익성, 효율성, 안전성, 저평가성, 추세 등 주가 수익률에 영향을 줄 수 있는 6가지 핵심 투자 지표를 점수화하여 종목의 투자 매력도를 계산해보았다. 그 결과 우리넷은 상대적으로 재무안정성 측면에서 두각을 드러내고 있었다. 재무안정성 점수는 기업의 재무 구조가 얼마나 안정적인 상태인지를 나타낸다. 우리넷은 특히 유동비율 측면에서 가장 높은 점수는 기록했는데, 전체 시장 내 289위를 기록하며 상위 14.36%에 위치했다. 업종별로는 101위를 기록하며 상위 16.56%에 위치했다. 그러나 기업의 이익 실현 정도를 나타내는 수익성 측면에서는 아쉬움을 나타냈다. (위의 AI인공지능 점수는 재무 데이터를 기반으로 전체 상장 종목과 비교/분석하여 도출한 점수로 높은 점수가 반드시 높은 수익률을 보장하지 않습니다. 위의 자료는 당사의 추천 종목이 아니며, 투자 시 참고용으로 제시해드리는 것입니다. 핵심투자지표를 결합해 종목의 투자매력도를 종합 계산한 ""인공지능 투자점수""는 ""거장들의 투자공식"" 앱에서 확인하실 수 있습니다.) 라이온봇 기자 -한국경제TV ※ 본 기사는 한국경제TV와 '거장들의 투자공식이' 자체 개발한 '라이온봇 기자'가 실시간으로 작성한 기사입니다. 라이온봇기자 ▶ 네이버 홈에서 [한국경제TV] 채널 구독하기 [생방송보기] ▶ 대한민국 재테크 총집결 ! - [증권 / 주식상담 / 부동산] ⓒ 한국경제TV, 무단 전재 및 재배포 금지",https://news.naver.com/main/read.nhn?mode=LSD&mid=sec&sid1=001&oid=215&aid=0000780571
49,"나경원 ""文대통령 현실도피 인식 드러내더니…이젠 국회 탓"" ","""文대통령, 국회 탓하며 순방 떠나…국민은 본질 알아"" ""김원봉 서훈 막기 위한 입법적 방어장치 마련할 것"" 나경원 자유한국당 원내대표 © News1 공정식 기자 (서울=뉴스1) 강성규 기자,이균진 기자 = 나경원 자유한국당 원내대표는 10일 문재인 대통령을 겨냥해 ""한달 전까지만 하더라도 이런 현실에 대해 문 대통령의 현실도피적 경제인식이 드러났다""며 ""그런데 낙관론이 먹히지 않자 경제가 안좋다는 사실은 인정하되 책임을 '야당'과 '대외여건', '추경' 탓으로 돌린다""고 밝혔다. 나 원내대표는 이날 오전 국회에서 열린 최고위원회의에서 ""청와대가 경제와 관련한 대국민 대응전략에 있어 큰 변화를 만드는 것 같다. 그동안 현실부정 전략을 택했다면 이제는 남탓전략으로 바꾼 것""이라며 이렇게 말했다. 또 ""정치갈등만 부추기고, 북유럽 순방 전 (교착정국의 원인에 대해) 국회 탓을 하고 떠났다""며 ""이 정부가 아무리 남 탓을 해도 국민들은 본질을 알고 있다""고 말했다. 이어 ""도대체 누구 때문에 국회가 막혀 있고 여야의 대화가 원만히 대화가 풀리지 않나. 국민의 눈과 귀를 가릴 생각 말고 정부 정책을 근본적으로 수정해야 한다""고 요구했다. 나 원내대표는 추경에 대해서도 ""산불 등 재해와 미세먼지 관련까지 재해 추경으로 인정한다 해도 이를 제외한 나머지 액수가 4조5000억원이다""며 ""이를 오롯이 경기부양용으로 쓴다고 해도 GDP 부양효과는 0.03~0.04%에 불과하다""고 주장했다. 이어 ""이 세부적인 내용조차도 경기부양과 관련성이 떨어지는 단기일자리나 제로페이 사업, 체육관 건립 등이 투성이""라고 덧붙였다. 나 원내대표는 ""방송인 김제동씨의 고액 특강을 추진했다고 여론에 밀려 포기한 대전 대덕구의 1550만원 상당의 강연료도 교육부가 지원한 눈먼 돈이 재원이 된 것으로 확인됐다""며 ""혈세를 총선으로 활용하겠다는 추경, 눈먼 돈이자 김제동 추경""이라고 했다. 또 문 대통령의 이른바 '김원봉 추념사'를 언급하며 ""이대로 가다가는 공산주의 정권을 수립한 자에게까지 훈장을 주는 것 아닌가 하는 국민적 우려가 깊다""며 ""한국당이 반드시 막겠다. 북한 정권 수립에 기여하고 대한민국의 정체성에 반하는 인물에게 훈장을 줄 수 없도록 입법적 방어장치를 마련하겠다""고 전했다. 나 원내대표는 중국 기업 '화웨이'를 중심으로한 미국과 중국의 무역갈등에 대해 ""화웨이 관련 청와대의 발언을 보라. '기업이 알아서 하라, 우린 모르겠다'이다""며 ""기업이 엄청난 폭풍 앞에서 발만 동동 구르고 있는데 국가는 보이지 않고 외교도 실종됐다""고 말했다. 또 ""시대착오적인 민족주의에 사로잡힌 무능, 무책임 외교가 우리경제의 발목을 잡고 기업의 짐이 되고 있다""며 ""미중 무역갈등은 단순한 교역마찰을 넘어 가치와 체제를 둘러싼 세력갈등 구조""라고 주장했다. 이어 ""빈깡통 외교를 넘어 깡통마저 차버리는 수준""이라며 ""외교라인 교체 없이는 무역갈등 위기를 넘을 수 없다. 이념외교가 아닌 국익외교를 할 수 있는 정상적 외교(라인)가 필요하다""고 강조했다. sgkk@news1.kr ▶ [ 크립토허브 ] ▶ [ 해피펫 ] ▶ 네이버 메인에서 [뉴스1] 구독하기! [© 뉴스1코리아( news1.kr ), 무단 전재 및 재배포 금지]",https://news.naver.com/main/read.nhn?mode=LSD&mid=sec&sid1=001&oid=421&aid=0004032103
